name,location,category,tags
봉은사(서울),강남구,1.0,#가족여행#관광지#교과서속여행#당일치기여행#봉은사(서울)#사찰&산사
최순우 옛집,성북구,1.0,#관광지#근대한옥#기념관#아이와함께#역사#역사문화재#역사속#역사속으로
덕수궁,중구,1.0,#15_16한국관광100선#17_18한국관광100선#19_20한국관광100선#가족여행
국립민속박물관&국립민속박물관 어린이박물관,종로구,1.0,#관광지
창경궁,종로구,1.0,#15_16한국관광100선#17_18한국관광100선#19_20한국관광100선#가족여행
어린이 감각놀이터 디키디키,중구,1.0,#관광지#놀이시설#미세먼지_피하는_실내여행#복합문화공간#실내관광지
씨랄라 워터파크,영등포구,1.0,#관광지#남녀노소#물놀이장#실내워터파크#아이가_좋아하는_여행#아이와함께
남산골한옥마을,중구,1.0,#가족여행#관광지#남녀노소#남산골한옥마을#도심여행#수도권#아이와함께
망우리 시민공원,중랑구,1.0,#관광지#산책로#산책하기#산책하기좋은곳#역사공부#역사를품은곳
녹사평역 지하예술정원,용산구,1.0,#가족과함께#관광지#녹사평#문화공간#문화예술공간#복합문화공간
이태원 우사단길,용산구,1.0,#관광지#데이트명소#데이트하기좋은곳#서울데이트#연인과함께#우사단길
밀리오레 (동대문점),중구,1.0,#관광지#쇼핑
올림픽공원,송파구,1.0,#가족여행#걷기여행#관광지#나들이#나홀로여행#당일치기여행#데이트코스
민영환 자결터,종로구,1.0,#관광지#교과서속여행#기념비#민영환자결터#수도권#역사#역사공부
경운동민병옥가옥,종로구,1.0,#관광지#역사#역사공부#역사관광지#역사를품은곳#역사문화재#역사속
구공업전습소본관,종로구,1.0,#관광지#교과서속여행#구공업전습소본관#문화재#사적지#수도권#역사
진관사계곡,은평구,1.0,#가족과함께#관광지#늦더위피서#아이와함께#여름피서지#자연#자연관광지
도안사,노원구,1.0,#관광지#도안사#불교#불교문화#사찰#사찰여행#수도권#역사#자연좋은곳
"연의근린공원(생태학습관, 북카페)",양천구,1.0,#관광지#산책하기좋은곳#생태체험#생태탐방#아이와함께#이색체험
"아리수 정수센터 (암사,뚝섬,영등포)",강동구,1.0,#견학#관광지#뚝도아리수정수센터#산업관광#산업관광지#수도권#아리수
정동전망대,중구,1.0,#가족과함께#경치좋은곳#관광지#남녀노소#도심여행#수도권#연인과함께
서해금빛열차,용산구,1.0,#관광지#기차여행#꽃여행#서해금빛열차#이색열차#이색체험#전라권
장안평 자동차산업 종합정보센터,성동구,1.0,#가족여행#관광지#산업관광#산업관광지#수도권#아이와함께#이색체험
서울 운현궁,종로구,1.0,#관광지#수도권#아이와함께#역사#역사공부#역사관광지#역사를품은곳
서울도시건축전시관,중구,1.0,#관광지#도시건축전시관#중구
이음피움봉제역사관,종로구,1.0,#관광지#봉제역사관
경복궁,종로구,1.0,#15_16한국관광100선#17_18한국관광100선#19_20한국관광100선#가족여행
서울 경교장,종로구,1.0,#건축물#건축사#건축여행#관광지#교과서속여행#근대건축#근대건축물
경희궁,종로구,1.0,#15_16한국관광100선#17_18한국관광100선#19_20한국관광100선#가족여행
문화철도 959,구로구,1.0,#관광지#문화공간#문화예술#복합문화공간#아이와함께#종합예술#휴식공간
서울생활사박물관,노원구,1.0,#관광지
"서울 구 벨기에영사관(현, 서울시립미술관 남서울생활미술관)",관악구,1.0,#관광지#복합문화공간#서울구벨기에영사관#서울시립미술관#수도권
백인제가옥,종로구,1.0,#관광지#근대한옥#문화재#백인제가옥#수도권#역사#역사공부#역사관광지
광화문,종로구,1.0,#19_20한국관광100선#가족여행#경복궁#관광지#광화문#광화문#광화문광장
창덕궁 인정문,종로구,1.0,#19_20한국관광100선#19_20한국관광100선#가족여행#고궁#관광지
덕수궁 대한문,중구,1.0,#19_20한국관광100선#가족여행#고궁#관광지#교과서속여행#덕수궁대한문
경희궁 흥화문,종로구,1.0,#19_20한국관광100선#가족여행#경희궁흥화문#고궁#관광지#교과서속여행
테크노마트 강변점,광진구,1.0,#강변테크노마트#관광지#복합쇼핑몰#쇼핑#수도권
약수사(서울),관악구,1.0,#관광지#불교#불교문화#사찰#사찰#사찰여행#수도권#약수사#역사
경희궁 숭정전,중구,1.0,#관광지#역사#역사공부#역사관광#역사관광지#역사를품은곳#역사문화재
정선옹주 묘역,구로구,1.0,#관광지#역사#역사공부#역사관광지#역사를품은곳#역사문화재#역사속
정정공강사상묘역,관악구,1.0,#관광지#서울특별시유형문화재#수도권#역사#역사공부#역사관광지
성수동 수제화거리,성동구,1.0,#가족과함께#관광지#남녀노소#데이트명소#사진찍기#사진찍기좋은곳
서울 호암산성(한우물 및 주변산성지),금천구,1.0,#관광지#사적#수도권#역사#역사공부#역사관광지#역사를품은곳#역사문화재
문래예술공장,영등포구,1.0,#관광지#데이트장소추천#문화공간#복합문화공간#산책길#산책하기
눈스퀘어,중구,1.0,#관광지#쇼핑
효민공 이경직 묘역,관악구,1.0,#관광지#서울특별시유형문화재#수도권#역사#역사공부#역사관광지
환구단,중구,1.0,#관광지#사적#수도권#역사#역사공부#역사관광지#역사를품은곳#역사문화재
서울 남현동 요지,관악구,1.0,#관광지#사적#서울남현동요지#수도권#역사#역사공부#역사를품은곳
고척동 고인돌,구로구,1.0,#관광지#역사공부#역사관광지#역사를품은곳#역사문화재#역사속#역사속으로
류순정류홍부자 묘역,구로구,1.0,#관광지#역사공부#역사관광지#역사를품은곳#역사문화재#역사속#역사속으로
용덕사(서울),강북구,1.0,#관광지#불교#불교문화#사찰#사찰여행#역사#자연속으로#자연환경
원통사(서울),도봉구,1.0,#관광지#불교#불교#불교문화#사찰여행#역사#원불교#자연속으로
경동시장,동대문구,1.0,#가족여행#관광지#나들이#나홀로여행#데이트코스#먹거리#서울경동시장
익선동,종로구,1.0,#가족과함께#관광지#남녀노소#데이트명소#데이트장소추천#산책하기
관악산 낙성대공원,관악구,1.0,#가족여행#관광지#관악산낙성대공원#교과서속여행#당일치기여행#서울근교여행
달마사(서울),동작구,1.0,#관광지#불교#불교문화#사찰여행#역사#원불교#자연속으로#자연환경
능인선원,강남구,1.0,#관광지#능인선원#대한불고조계종#불교#불교문화#사찰#사찰여행
KT스퀘어,종로구,1.0,#KT스퀘어#가족여행#관광지#문화공연#복합문화공간#산업관광#산업관광지
미타사(강서),강서구,1.0,#관광지#불교#불교문화#사찰#사찰여행#역사#자연속으로#자연환경
일선사(서울),종로구,1.0,#관광지#도심속#불교#불교문화#사찰여행#역사#자연환경#전통사찰
서소문역사공원,중구,1.0,#관광지
강남,강남구,1.0,#가족과함께#강남#강남관광정보센터#강남구#강남맛집#강남스타일
아차산봉수대터,중랑구,1.0,#관광지#역사#역사공부#역사관광지#역사를품은곳#역사문화재#역사속
국립서울현충원,동작구,1.0,#가족여행#관광지#교과서속여행#국립서울현충원#근대문화유산#당일치기여행
보신각 터,종로구,1.0,#가족여행#관광지#교과서속여행#당일치기여행#보신각터#서울근교여행
북촌 8경,종로구,1.0,#감성사진#경치좋은곳#관광지#근대한옥#데이트장소추천#북촌8경#사진찍기좋은곳
상허이태준가옥(수연산방),성북구,1.0,#관광지#문화재#상허이태준가옥#수도권#수연산방#역사#역사공부
서울 정동교회,중구,1.0,#관광지#교과서속여행#나홀로여행#도심여행#서울정동교회#역사#역사공부
보성사터,종로구,1.0,#관광지#교과서속여행#근린공원#보성사터#산책하기좋은곳#수도권
광장시장 한복문화 체험관,종로구,1.0,#관광지
150년 수령 느티나무,양천구,1.0,#관광지
독립관,서대문구,1.0,#관광지#역사#역사공부#역사관광지#역사를품은곳#역사문화재#역사속
스파 도향,강남구,1.0,#가족과함께#건강한힐링여행#관광지#남녀노소#데이트하기좋은곳#부모님과함께
북촌한옥마을,종로구,1.0,#가족여행#관광지#나홀로여행#당일치기여행#데이트코스#도심여행
성락원(서울),성북구,1.0,#가족과함께#관광지#아이와함께#역사#역사공부#역사를품은곳#역사문화재
창덕궁과 후원 [유네스코 세계문화유산],종로구,1.0,#19_20한국관광100선#관광지#데이트코스#수도권#역사#역사공부
올리바인 스파,종로구,1.0,#건강여행#관광지#부모님과함께#뷰티&스파온천&스파#연인과함께#올리바인스파
남산 케이블카,중구,1.0,#경치좋은곳#관광지#남산서울타워#남산케이블카#데이트코스#등산
동대문디자인플라자(DDP),중구,1.0,#19_20한국관광100선#DDP#관광지#동대문디자인플라자#복합문화공간
서울 동대문 닭한마리 골목,종로구,1.0,#관광지#동대문닭한마리골목#동대문닭한마리골목#수도권#숨은맛집
절두산 순교성지,마포구,1.0,#관광지#역사#역사공부#역사관광지#역사를품은곳#역사문화재#역사속
63스퀘어,영등포구,1.0,#63스퀘어#가족과함께#관광지#데이트코스#복합문화공간#서울가볼만한곳
명동관광정보센터,중구,1.0,#관광정보#관광지#관광코스정보#교통정보#국내여행정보#맛집정보
관음사(서울),관악구,1.0,#관광지#불교문화#사찰여행#역사#역사속으로#역사이야기#자연좋은곳
양천향교,강서구,1.0,#관광지#역사#역사공부#역사관광#역사관광지#역사를품은곳#역사문화
창의문(자하문),종로구,1.0,#가족여행#관광지#문화재#서울여행#역사#역사공부#역사관광지#역사를품은곳
망원정지,마포구,1.0,#관광지#기념물#망원정지#문화재#수도권#역사#역사공부#역사관광지
옥천암(서울),서대문구,1.0,#관광지#대한불교조계종#불교#사찰#사찰여행#역사#자연속으로#자연좋은곳
명성황후 조난지,종로구,1.0,#경복궁#관광지#명성황후#역사#역사공부#역사관광지#역사를품은곳
황학정,종로구,1.0,#관광지#궁술#서울여행#역사#역사공부#역사관광지#역사관광지#역사를품은곳
세검정 터 (구 세검정),종로구,1.0,#관광지#역사#역사공부#역사관광지#역사를품은곳#역사문화재#역사속
서울 우정총국,종로구,1.0,#관광지#역사#역사공부#역사관광지#역사를품은곳#역사문화재#역사속
낙선재,종로구,1.0,#가족여행#고궁#관광지#교과서속여행#낙선재#사계절#수도권#아이와함께
대원군별장,종로구,1.0,#관광지#대원군별장#석파정#수도권#역사#역사공부#역사관광지#역사를품은곳
탑골공원 팔각정,종로구,1.0,#관광지#서울특별시유형문화재#수도권#역사#역사공부#역사관광지
해풍부원군윤택영댁재실,중구,1.0,#관광지#역사#역사공부#역사관광지#역사를품은곳#역사문화재#역사속
극락사(서울),중랑구,1.0,#관광지#불교#불교문화#불교문화#서울사찰#역사#역사속으로#역사이야기
소림사(서울),종로구,1.0,#관광지#불교#불교문화#사찰#사찰여행#역사#역사속으로#역사이야기
순명비유강원석물,광진구,1.0,#관광지#역사#역사공부#역사관광지#역사를품은곳#역사문화#역사문화재
승동교회,종로구,1.0,#3.1운동#관광지#교회#국내건축물#기독교#승동교회#역사#역사공부
인왕사(서울),종로구,1.0,#관광지#불교#불교문화#사찰여행#서울사찰#수도권#역사#인왕사
서울광장,중구,1.0,#관광지#도심여행#복합문화공간#산책하기#산책하기좋은곳#서울광장
길상사(서울),성북구,1.0,#관광지#길상사(서울)#불교#불교문화#사찰#사찰여행#산사#수도권
관악산 생태공원,관악구,1.0,#관광지#관악산생태공원#데이트코스#도심여행#아이와함께#연인과함께
쌈지길,종로구,1.0,#관광지#남녀노소#데이트장소추천#복합문화공간#쇼핑#쇼핑거리#수도권
조계사(서울),종로구,1.0,#관광지#나홀로여행#불교#불교문화#사찰#산사#역사#역사유적지
와룡공원,종로구,1.0,#가족들과 함께#관광지#나들이코스#도시자연공원#와룡공원#종로구
보라매공원,동작구,1.0,#걷기길#관광지#보라매공원#산책길#산책하기#산책하기좋은곳#수도권
사직공원(서울),종로구,1.0,#관광지#교과서속여행#사직공원(서울)#산책길#산책하기#산책하기좋은곳
여의도공원,영등포구,1.0,#관광지#꽃여행#데이트코스#복합문화공간#봄나들이#산책길#산책하기
한강시민공원 난지지구(난지한강공원),마포구,1.0,#관광지#나들이#난지한강공원#데이트코스#복합문화공간#연인과함께
서울 효창공원,용산구,1.0,#관광지#서울효창공원#수도권#역사공부#역사를품은곳#역사속#역사속으로
서울 석촌동 고분군,송파구,1.0,#걷기길#관광지#교과서속여행#서울석촌동고분군#수도권#역사#역사공부
서울 정릉(신덕왕후) [유네스코 세계문화유산],성북구,1.0,#관광지#서울정릉#수도권#아이와함께#역사#역사공부#역사를품은곳
불암산,노원구,1.0,#가족여행#관광지#당일치기여행#등산#등산로#불암산#사계절#서울근교여행
용마산,중랑구,1.0,#관광지#나홀로여행#등산#용마산#자연#자연&숲#친구와함께#트레킹
수락산,노원구,1.0,#가족여행#관광지#당일치기여행#등산#등산로#사계절#서울근교여행
강변스파랜드,광진구,1.0,#강변스파랜드#관광지#불한증막#사우나#수도권#연인과함께#연중무휴
묘각사(서울),종로구,1.0,#관광지#불교#불교문화#사찰#사찰여행#역사#자연속으로#자연좋은곳
창덕궁 향나무,종로구,1.0,#관광지#수도권#자연#창덕궁#창덕궁향나무#천연기념물
창덕궁 다래나무,종로구,1.0,#관광지#수도권#자연#창덕궁#창덕궁다래나무#천연기념물
서울 신림동 굴참나무,관악구,1.0,#관광지#서울신림동굴참나무#수도권#자연#천연기념물
망우산(서울),중랑구,1.0,#관광지#등산#망우산#산책로#수도권#자연#트레킹
백련사(서울),서대문구,1.0,#관광지#불교#불교문화#불교사찰#사찰#사찰여행#역사#자연속으로
서울 신림동 민속순대타운,관악구,1.0,#골목식당#관광지#남녀노소#맛집#맛집골목#먹자골목#서울맛집#수도권
진관사(서울),은평구,1.0,#관광지#불교#불교문화#불교사찰#사찰#사찰여행#역사#자연속으로
삼천사(서울),은평구,1.0,#관광지#도심여행#불교#불교문화#불교사찰#사찰#사찰여행#서울삼천사
광희문,중구,1.0,#관광지#역사#역사공부#역사관광#역사관광지#역사문화#역사문화재
인왕산,종로구,1.0,#관광지#등산#수도권#인왕산#자연#트레킹
응봉산(서울),성동구,1.0,#관광지#자연
삼각산,강북구,1.0,#관광지#자연
초안산,노원구,1.0,#관광지#자연
구룡산(서울),서초구,1.0,#관광지#구룡산#산#수도권#자연#트레킹
봉화산(서울),중랑구,1.0,#관광지#자연
청계산,서초구,1.0,#관광지#자연
노들섬,용산구,1.0,#관광지
산마루놀이터,종로구,1.0,#관광지
부암동,종로구,1.0,#걷기여행#관광지#데이트코스#도심여행#부암동#브런치카페#사계절
동대문역사문화공원,중구,1.0,#가족여행#걷기좋은길#관광지#데이트코스#동대문역사문화공원#사계절
존비코올터장군상,광진구,1.0,#관광지#사계절#수도권#아이와함께#역사공부#역사관광지#역사를품은곳
이봉창의사동상,용산구,1.0,#관광지#사계절#수도권#아이와함께#역사공부#역사관광지#역사를품은곳
반공순국용사 위령탑,영등포구,1.0,#관광지#반공순국용사위령탑#사계절#수도권#아이와함께#애국정신
남강이승훈선생동상,광진구,1.0,#관광지#아이와함께#역사공부#역사관광#역사관광지#역사를품은곳
유관순동상,중구,1.0,#관광지#사계절#수도권#아이와함께#역사공부#역사를품은곳#역사속
순국선열추념탑,서대문구,1.0,#관광지#사계절#수도권#순국선열추념탑#아이와함께#역사공부#역사관광지
고하송진우선생동상,광진구,1.0,#관광지#독립운동#아이와함께#역사공부#역사관광지#역사를품은곳
유관순열사상,광진구,1.0,#관광지#사계절#수도권#아이와함께#역사공부#역사관광지#역사를품은곳
3.1독립선언기념탑,서대문구,1.0,#3.1독립선언기념탑#관광지#사계절#수도권#아이와함께#역사공부#역사관광지
경찰혼,영등포구,1.0,#경찰#경찰서#경찰혼#관광지#사계절#수도권#아이와함께#역사를품은곳
안중근의사 동상,용산구,1.0,#관광지#사계절#수도권#아이와함께#안중근의사동상#역사공부#역사관광지
해공신익희선생동상,강동구,1.0,#관광지#사계절#수도권#아이와함께#역사공부#역사관광지#역사를품은곳
템플스테이 홍보관,종로구,1.0,#가족여행#가족체험여행#관광지#사계절#연인과함께#외국어해설#이색체험
국제선센터,양천구,1.0,#가족여행#가족체험여행#관광지#국제선센터#사계절#연인과함께#외국어해설
유니버설아트센터,광진구,1.0,#가족여행#공연장#관광지#나들이#데이트코스#문화시설#수도권#실내여행지
양천생활안전체험교육관,양천구,1.0,#관광지#교육여행#교육장#교육체험#아이와함께#아이와함께가볼만한곳
서울 애니메이션센터,중구,1.0,#관광지#도심여행#복합문화공간#서울애니메이션센터#수도권#아이와함께
경희궁공원,종로구,1.0,#가족여행#경희궁공원#고궁#관광지#교과서속여행#사계절#수도권
세종로공원,종로구,1.0,#걷기여행#관광지#도심여행#사계절#산책길#산책하기#산책하기좋은곳
롯데월드,송파구,1.0,#17_18한국관광100선#19_20한국관광100선#가족여행#관광지#놀이동산
영등포공원,영등포구,1.0,#가족여행#걷기길#관광지#데이트코스#도심여행#사계절#산책길#산책하기
무중력지대 양천,양천구,1.0,#가족과함께#관광지#남녀노소#문화공간#복합문화공간#아이와함께
용산공원 갤러리,용산구,1.0,#갤러리#관광지#용산공원
서울로 7017,중구,1.0,#19_20한국관광100선#걷기길#관광지#나홀로여행#데이트코스#도심여행
서울색공원,영등포구,1.0,#가족여행#관광지#데이트코스#도심여행#사계절#산책길#산책하기
남산서울타워 한복문화체험관,용산구,1.0,#관광지#데이트장소추천#미세먼지_피하는_실내여행#사진여행#사진찍기좋은곳
천간사,은평구,1.0,#관광지#불교#불교문화#사찰#사찰여행#수도권#역사#전통사찰#종교
충무공 이순신 동상,종로구,1.0,#관광지#광화문광장#교과서속여행#남녀노소#도심여행#산책하기#산책하기좋은곳
광진교 8번가,강동구,1.0,#관광지#광진교8번가#데이트코스#사계절#상설공연#실내여행지#연인과함께
세종대왕 동상,종로구,1.0,#관광지#광화문광장#교과서속여행#도심여행#세종대왕동상#수도권
백범김구선생상(백범 광장),중구,1.0,#3·1운동_100주년_여행지추천#가족여행#관광지#나들이#도심여행
"서울교통공사 (신정,수서,천왕)",성동구,1.0,#가족과함께#관광지#교육여행#교육프로그램#도심여행#서울교통공사
윌리엄해밀턴쇼 동상,은평구,1.0,#공원#관광지#동상#아이와함께#역사#역사공부#역사관광지#역사를품은곳
한강방어백골부대전적비,영등포구,1.0,#관광지#국군#백골부대#역사#역사공부#역사관광지#역사를품은곳
호국충혼위령비,강서구,1.0,#관광지#역사공부#역사관광지#역사를품은곳#역사속#역사속으로#역사여행
백마고지 3용사의 상,광진구,1.0,#관광지#백마고지3용사의상#수도권#역사#역사공부#역사관광지#역사를품은곳
송재서재필선생상,서대문구,1.0,#3·1운동_100주년_여행지추천#관광지#독립공원#독립신문#독립운동
해병대104고지전적비,서대문구,1.0,#관광지#기념탑#역사#역사공부#역사관광지#역사를품은곳#역사문화재
성재이시영선생동상,중구,1.0,#관광지#독립#동상#성재이시영동상#신흥무관학교#아이와함께#역사
한국유림독립운동파리장서비,중구,1.0,#관광지#독립운동#역사#역사공부#역사관광지#역사를품은곳#역사문화재
일성이준열사동상,중구,1.0,#3·1운동_100주년_여행지추천#관광지#독립#독립운동#애국계몽#역사
이원등 상사상,용산구,1.0,#가족과함께#관광지#동상#아이와함께#애국심#애국정신#애국지사
고당조만식선생동상,광진구,1.0,#관광지#독립#독립운동#역사#역사공부#역사관광지#역사를품은곳
호국무공수훈자공적비,성동구,1.0,#관광지#수도권#역사#역사공부#역사관광지#역사문화재#역사속#역사속으로
서울학도병참전기념비,용산구,1.0,#관광지#애국심#애국정신#애국지사#역사#역사공부#역사관광지#역사를품은곳
의열사(용산),용산구,1.0,#관광지#역사#역사공부#역사관광지#역사를품은곳#역사문화재#역사속
이탈리아의무부대 6.25전쟁 참전기념비,영등포구,1.0,#관광지#국가보훈처#기념비#역사#역사공부#역사관광지#역사를품은곳
3.1독립운동기념탑,중구,1.0,#3.1독립운동기념탑#3.1운동#3·1운동_100주년_여행지추천#관광지
우남이승만박사 동상,강동구,1.0,#관광지#대통령#동상#수도권#역사#역사공부#역사관광지#역사를품은곳
고덕동 생태경관 보전지역,강동구,1.0,#고덕동생태경관보전지역#관광지#생태체험#수도권#자연#체험
탄천,강남구,1.0,#관광지#자연
우이동계곡,강북구,1.0,#관광지#자연
순정효황후윤씨친가,중구,1.0,#관광지#역사#역사공부#역사관광지#역사를품은곳#역사문화재#역사속
현대원서공원,종로구,1.0,#공원#관광지#도시공원#도심공원#산책하기좋은곳#약속의장소#연인과함께
훈련원공원,중구,1.0,#관광지#산책길#산책하기#산책하기좋은곳#역사공부#역사관광지#역사속
관훈동 민씨 가옥 (구 부마도위박영효가옥),중구,1.0,#관광지#역사#역사공부#역사관광지#역사를품은곳#역사문화재#역사속
보광사(서울),용산구,1.0,#관광지#불교#불교문화#사찰#사찰여행#역사#역사속#역사여행#역사이야기
서빙고동 부군당,용산구,1.0,#관광지#역사#역사공부#역사관광지#역사를품은곳#역사문화재#역사속
삼청동오위장김춘영가옥,중구,1.0,#관광지#역사#역사공부#역사관광지#역사를품은곳#역사문화재#역사속
무궁화동산,종로구,1.0,#공원#관광지#무궁화#무궁화공원#산책길#산책코스#산책하기#산책하기좋은곳
대모산공원,강남구,1.0,#강남#공원#관광지#대모산공원#도심공원#산책길#산책하기#산책하기좋은곳
숭인근린공원,종로구,1.0,#관광지#역사공부#역사관광지#역사를품은곳#역사문화재#역사속#역사속으로
아시아공원,송파구,1.0,#관광지#근린공원#산책길#산책하기#산책하기좋은곳#서울종합운동장
성덕사,중랑구,1.0,#관광지#불교#불교문화#사찰#사찰여행#역사#자연속으로#자연환경
불국사,강남구,1.0,#관광지#불교#불교문화#불국사#사찰#사찰여행#수도권#역사#역사속
서울 약현성당,중구,1.0,#관광지#교과서속여행#근대문화유산#도심여행#서울약현성당#역사
중명전,중구,1.0,#가족여행#관광지#교과서속여행#근대문화유산#도심여행#상설전시
아쿠아플라넷 63,영등포구,1.0,#가족여행#관광지#데이트코스#도심여행#미세먼지_피하는_실내여행
브릭캠퍼스 서울,성동구,1.0,#가족과함께#관광지#남녀노소#미세먼지_피하는_실내여행#아이가_좋아하는_여행
키자니아 서울,송파구,1.0,##미세먼지_피하는_실내여행#관광지#도심여행#실내여행지#아이가_열광하는_여행
한강시민공원 잠원지구(잠원한강공원),서초구,1.0,#가족여행#관광지#나들이#산책길#산책로#산책하기#산책하기좋은곳
세빛섬,서초구,1.0,#걷기길#경치좋은곳#관광지#나들이#도심여행#서울투어#세빛둥둥섬
한강시민공원 잠실지구(잠실한강공원),송파구,1.0,#걷기길#관광지#나들이#도심여행#수도권#야경투어#연인과함께#자전거여행
반포한강공원,서초구,1.0,#걷기길#관광지#나들이#도심여행#반포한강공원#수도권#야간관광100선
한강시민공원 이촌지구(이촌한강공원),용산구,1.0,#걷기길#관광지#남녀노소#봄나들이#산책코스#산책하기좋은곳#수도권
서울 풍납동 토성,송파구,1.0,#가족여행#관광지#교과서속여행#당일치기여행#서울근교여행#서울풍납동토성
아차산성,광진구,1.0,#가족여행#관광지#교과서속여행#당일치기여행#등산#등산로#서울근교여행
독립문,서대문구,1.0,#관광지#교과서속여행#독립문#수도권#역사#역사공부#역사를품은곳
서울 선릉(성종과 정현왕후)과 정릉(중종) [유네스코 세계문화유산],강남구,1.0,#가족여행#관광지#교과서속여행#서울선릉과정릉#아이와함께#역사
용산가족공원,용산구,1.0,#가족여행#걷기여행#관광지#나들이#당일치기여행#사계절#서울근교여행
사육신공원,동작구,1.0,#가족여행#관광지#교과서속여행#당일치기여행#사육신공원#산책코스
도산공원,강남구,1.0,#가족여행#걷기여행#관광지#나들이#당일치기여행#도산공원#사계절
장충단공원,중구,1.0,#가족여행#걷기여행#관광지#나들이#당일치기여행#사계절#서울근교여행
삼청공원,종로구,1.0,#가족여행#걷기여행#관광지#나들이#당일치기여행#사계절#삼청공원
양재 시민의숲,서초구,1.0,#걷기길#관광지#나들이#도심여행#산책길#산책하기#산책하기좋은곳
청계천,중구,1.0,#가족여행#관광지#나들이#데이트코스#드라이브여행#산책길#산책하기
구암공원,강서구,1.0,#걷기길#관광지#교과서속여행#구암공원#나들이#남녀노소#도심여행
서울풍물시장 전통문화체험관,동대문구,1.0,#관광지#도심여행#서울풍물시장#서울풍물시장전통문화체험관#아이와함께
양천구 어린이교통공원,양천구,1.0,#겨울방학가볼만한곳#관광지#교육여행#도심여행#산책길#산책하기
신천 어린이교통공원,송파구,1.0,#가족여행#관광지#교육여행#교육프로그램#당일치기여행#산책하기
청와대 앞길,종로구,1.0,#가족여행#관광지#나홀로여행#당일치기여행#도심여행#사계절#산책길
사가정공원,중랑구,1.0,#걷기길#관광지#나들이#문화시설#사가정공원#산책길#산책하기#산책하기좋은곳
한강시민공원 뚝섬지구(뚝섬한강공원),광진구,1.0,#걷기길#관광지#나들이#도심여행#뚝섬한강공원#야경투어#연인과함께
종묘광장공원,종로구,1.0,#가족여행#걷기여행#관광지#나들이#당일치기여행#봄나들이#사계절
용마폭포공원,중랑구,1.0,#걷기길#관광지#나들이#산책길#산책하기#산책하기좋은곳#수도권
마로니에공원,종로구,1.0,#가족여행#걷기여행#관광지#나들이#당일치기여행#데이트코스#마로니에공원
한강시민공원 망원지구(망원한강공원),마포구,1.0,#걷기길#관광지#나들이#도심여행#망원한강공원#산책길#산책하기
대학로,종로구,1.0,#가족여행#관광지#나홀로여행#당일치기여행#대학로#데이트코스#도심여행
VR스테이션,강남구,1.0,#VR체험#가상현실#관광지#미세먼지_피하는_실내여행#서울데이트#실내관광지
서울 영휘원(순헌황귀비)과 숭인원(이진),동대문구,1.0,#가족여행#관광지#교과서속여행#사찰#산사#서울영휘원과숭인원#아이와함께
더 스파 인 가든파이브,송파구,1.0,#가족여행#관광지#더스파인가든파이브#도심여행#뷰티&스파#아이와함께
서울 암사동 유적,강동구,1.0,#가족여행#관광지#교과서속여행#당일치기여행#서울근교여행#서울암사동유적
홍릉수목원,동대문구,1.0,#가족여행#관광지#꽃여행#당일치기여행#데이트코스#봄꽃여행#서울근교여행
관악산공원 야외식물원,관악구,1.0,#관광지#관악산공원야외식물원#데이트코스#도심여행#아이와함께#연인과함께
서울 명동성당,중구,1.0,#관광지#교과서속여행#나홀로여행#도심여행#명동성당#아이와함께
대한성공회 서울주교좌성당,중구,1.0,#가족여행#관광지#대한성공회서울주교좌성당#성당#수도권#역사공부
이랜드크루즈 (한강유람선),영등포구,1.0,#관광지#도심여행#수도권#야간관광100선#야경투어#연인과함께#연중무휴
문화역 서울 284,중구,1.0,#공간투어#관광지#구서울역사#근대문화유산#근대산업유산#문화역서울284
새남터기념성당,용산구,1.0,#가족여행#관광지#근대문화유산#당일치기여행#새남터기념성당#서울근교여행
챔피언1250,용산구,1.0,#관광지#놀이공간#미세먼지_피하는_실내여행#복합레저스포츠#수도권
홍파동 홍난파 가옥,종로구,1.0,#건축사#건축여행#관광지#근대건축#근대문화유산#등록문화재#서양식
신사동 가로수길,강남구,1.0,#가로수길#관광지#사진촬영#산책길#산책하기#산책하기좋은곳#서울여행
봉천동 마애미륵불좌상,관악구,1.0,#관광지#역사#역사공부#역사관광지#역사를품은곳#역사문화재#역사속
용산성당,용산구,1.0,#관광지#역사#역사공부#역사관광지#역사를품은곳#역사문화재#역사속
개운사(서울),성북구,1.0,#관광지#불교#불교문화#불교사찰#사찰#사찰여행#역사#자연속으로
무악산 동봉수대 터,서대문구,1.0,#관광지#역사#역사공부#역사관광지#역사를품은곳#역사문화재#역사속
서울 용산신학교와 원효로 예수성심성당,용산구,1.0,#관광지#역사#역사공부#역사관광지#역사를품은곳#역사문화재#역사속
당고개순교성지,용산구,1.0,#관광지#역사#역사공부#역사관광지#역사를품은곳#역사문화재#역사속
천호공원,강동구,1.0,#공원#관광지#근린공원#문화시설#산책길#산책코스#산책하기#산책하기좋은곳
서울 양천고성지,강서구,1.0,#관광지#역사#역사공부#역사관광지#역사를품은곳#역사문화재#역사속
우이동 먹거리마을,강북구,1.0,#가을먹거리#관광지#남녀노소#등산객#맛집탐방#먹거리#먹거리투어
청담공원,강남구,1.0,#공원#관광지#산책길#산책코스#산책하기#산책하기좋은곳#아침운동
봉화산근린공원,중랑구,1.0,#공원#관광지#근린공원#산책길#산책코스#산책하기좋은곳#자연환경
강동예찬시비,강동구,1.0,#관광지#문화공간#문화명소#애향심#애향심#역사를품은곳#역사속으로
용왕정,양천구,1.0,#걷기#경치좋은곳#관광지#근린공원#산책코스#산책하기좋은곳#연인과함께
동대문 문구완구거리,종로구,1.0,#관광지#남녀노소#동대문구#동대문문구완구거리#문구거리#문구완구
정몽주 동상,마포구,1.0,#고려#관광지#동상#마포구#아이와함께#양화대교#역사#역사공부
서래마을,서초구,1.0,#관광지#남녀노소#도심여행#문화#산책하기#산책하기좋은곳#서래마을
육군사관학교,노원구,1.0,#가족과함께#관광지#교육여행#교육프로그램#군인정신#남녀노소#수도권
자운암(서울),관악구,1.0,#관광지#불교#불교문화#불교사찰#사찰#사찰여행#역사#자연속으로
서울 방이동 고분군,송파구,1.0,#관광지#사적#서울방이동고분군#수도권#역사#역사공부#역사관광지
화계사(서울),강북구,1.0,#관광지#불교#불교사찰#사찰#사찰여행#역사#자연속으로#자연좋은곳
충익공신경진묘역,중랑구,1.0,#관광지#역사#역사공부#역사관광지#역사를품은곳#역사문화재#역사속
흥천사,성북구,1.0,#관광지#불교#불교사찰#사찰#사찰여행#역사#자연속으로#자연좋은곳
승가사(서울),종로구,1.0,#관광지#불교#불교사찰#사찰#사찰여행#역사#자연속으로#자연좋은곳
청담패션거리,강남구,1.0,#관광지#남녀노소#문화예술#복합문화공간#쇼핑#수도권#연인과함께
도선사(서울),강북구,1.0,#관광지#불교#불교문화#불교사찰#사찰#사찰여행#역사#자연속으로
압구정 로데오거리,강남구,1.0,#가족과함께#강남구#강남시티투어#관광지#산책하기좋은곳#쇼핑거리
봉원사(서울),서대문구,1.0,#관광지#봉원사#불교#불교사찰#사찰#서울여행#역사#역사관광지
서울 문묘와 성균관,종로구,1.0,#관광지#성균관#역사#역사공부#역사관광#역사관광지#역사를품은곳
반포대교 달빛무지개분수,서초구,1.0,#감성사진#경치좋은곳#관광지#데이트코스#반포대교#반포대교달빛무지개분수
서울식물원,강서구,1.0,#가족과함께#관광지#미세먼지_피하는_실내여행#식물원#아이와함께
백련사(서울),강북구,1.0,#관광지#불교#불교문화#사찰#사찰여행#역사#자연속으로#자연환경
오미요리연구소,동대문구,1.0,#관광지#체험
서촌마을,종로구,1.0,#걷기길#관광지#데이트장소추천#산책길#산책하기#산책하기좋은곳
사자암(서울),동작구,1.0,#관광지#불교#불교문화#사찰#사찰여행#역사#자연속으로#자연환경
삼성암(서울),강북구,1.0,#관광지#불교#불교문화#사찰#사찰여행#역사#자연속으로#자연환경
명동 남대문 북창동 다동무교동 관광특구,중구,1.0,#관광지#기념품판매#데이트코스#도심여행#명동남대문북창동다동무교동관광특구
종로 청계 관광특구,종로구,1.0,#걷기여행#관광지#근대문화유산#도심여행#마을축제#산책하기좋은곳
잠실 관광특구,송파구,1.0,#관광지#놀이동산&테마파크#문화행사#복합문화공간#산책길#산책하기
마포중앙도서관,마포구,1.0,#관광지#도서관
서울 삼전도비,송파구,1.0,#관광지#역사#역사공부#역사관광지#역사를품은곳#역사문화재#역사속
반공 청년운동 순국 열사 기념비,중구,1.0,#관광지#반공청년운동순국열사기념비#수도권#역사#역사공부#역사관광지
상동교회,중구,1.0,#관광지#상동교회#수도권#아이와함께#역사#역사공부#역사를품은곳
우당 이회영 선생 흉상,중구,1.0,#관광지#수도권#아이와함께#역사#역사공부#역사를품은곳#역사속
아띠인력거,종로구,1.0,#관광지#서울가볼만한곳#서울놀기#서울여행코스#서울핫플#연인과함께
다이나믹 메이즈 (서울 인사동점),종로구,1.0,#관광지#다이나믹메이즈#도심여행#레포츠체험#복합문화공간#수도권
자양동 양꼬치거리 (중국음식문화거리),광진구,1.0,#관광지#꼬치구이#양고기#양꼬치#음식문화#음식문화#음식문화거리
대림동 차이나타운,영등포구,1.0,#관광지#맛집골목#맛집여행#맛집투어#먹자골목#수타짜장면#유명중국집
레일크루즈 해랑열차,용산구,1.0,#관광지#기차여행#부모님과함께#전국여행#체험#추억여행#친구와함께
디지털 파빌리온,마포구,1.0,#VR체험#관광지#교육프로그램#디지털파빌리온#산업관광#수도권#아이와함께
고촌홀(제약박물관),서대문구,1.0,#건강식#건강여행#고촌홀#관광지#근대산업유산#남녀노소#수도권
강남 마이스 관광특구,강남구,1.0,#걷기여행#관광지#기념품판매#남녀노소#도심여행#복합문화공간#서울투어
놀이똥산,종로구,1.0,#가족과함께#관광지#남녀노소#미세먼지_피하는_실내여행#사진찍기
홍대 벽화거리,마포구,1.0,#관광지#사진찍기좋은곳#사진촬영#사진촬영명소#서울데이트장소#연인과함께
연남동 공방거리,마포구,1.0,#골목문화공간#공방거리#공예#관광지#산책길#산책하기#산책하기좋은곳
상수동 카페거리,마포구,1.0,#관광지#데이트#분위기좋은카페#서울카페#연인과함께#이색카페#체험
로렌스길,마포구,1.0,#골목길#골목문화공간#골목식당#골목여행#관광지#데이트장소추천
광흥당,마포구,1.0,#관광지#광흥당#국악#국악공연#수강#수도권#아이와함께#이색체험
경의선책거리,마포구,1.0,#경의선#경의선책거리#관광지#복합문화#복합문화공간#복합시설#산책하기
올림픽대교,송파구,1.0,#건축물#관광지#다리#드라이브코스#서울야경#서울올림픽#수도권
삼청동길,종로구,1.0,#관광지#데이트장소추천#도심여행#산책길#산책하기#산책하기좋은곳
방화대교,강서구,1.0,#가족과함께#건축물#관광지#남녀노소#다리#대교#방화대교#서울야경
한강시민공원 광나루지구(광나루한강공원),강동구,1.0,#걷기길#관광지#광나루한강공원#나들이#도심여행#야경투어#연인과함께
천도교중앙대교당,종로구,1.0,#관광지#교과서속여행#나홀로여행#도심여행#역사#역사공부#역사관광지
목멱산봉수대터,중구,1.0,#관광지#역사#역사공부#역사관광지#역사를품은곳#역사문화재#역사속
서울 구 러시아공사관,중구,1.0,#관광지#근대문화유산#도심여행#서울구러시아공관#아이와함께#역사
충주 정토사지 홍법국사탑,용산구,1.0,#관광지#역사#역사공부#역사관광#역사관광지#역사를품은곳#역사문화재
황금온천,서초구,1.0,#가족과함께#관광지#남녀노소#목욕탕#연인과함께#온천수#찜질방
서울 고려대학교 중앙도서관,성북구,1.0,#건축사#건축여행#고려대학교#관광지#국내건축물#근대건축#근대문화유산
피노파밀리아,노원구,1.0,#관광지#도심여행#문화공간#복합문화공간#아이와함께#연인과함께
삼해소주가,종로구,1.0,#관광지#남녀노소#삼해소주가#서울무형문화재#수도권#우리술#이색체험
VRZONE CINEMA(브이알존 시네마),강남구,1.0,#관광지#데이트장소추천#브이알존#서울데이트#실내관광지#실내놀이터
오휘스파논현,강남구,1.0,#관광지#부모님과함께#뷰티&스파#뷰티투어#스킨케어#스파#연인과함께
서울역,용산구,1.0,#견학#관광지#산업관광#산업관광지#서울역#수도권#아이와함께#안전교육
보나장신구박물관,종로구,1.0,#가족과함께#공예품#관광지#머리장식#문화공간#문화시설#박물관
서울 고려대학교 본관,성북구,1.0,#고려대학교#관광지#근대문화유산#서울고려대학교본관#역사#역사공부
서울 연세대학교 스팀슨관,서대문구,1.0,#관광지#근대문화유산#서울연세대학교스팀슨관#역사#역사공부#역사관광지
서울 연세대학교 언더우드관,서대문구,1.0,#관광지#근대문화유산#서울연세대학교언더우드관#역사#역사공부#역사관광지
서울 연세대학교 아펜젤러관,서대문구,1.0,#관광지#역사#역사공부#역사관광지#역사를품은곳#역사문화재#역사속
보문사(서울),성북구,1.0,#관광지#불교#불교문화#사찰#사찰여행#역사#자연속으로#자연환경
"서울교통공사 차량기지 (고덕, 방화, 수서, 군자, 신정, 신내, 천왕, 창동)",성동구,1.0,#관광지#교육장#교육체험#교육프로그램#산업관광#산업관광지#서울교통공사
브이알존 큐브 강남점,서초구,1.0,#VR체험#관광지#남녀노소#실내데이트#실내레포츠#실내여행지#아이가_좋아하는_여행
VRZONE 용산 아이파크몰점,용산구,1.0,#VR체험#관광지#데이트장소추천#실내데이트#실내여행지#아이가_좋아하는_여행
"서울교통공사 차량기지 (도봉, 모란기지)",성동구,1.0,#견학프로그램#관광지#교육여행#교육체험#교육프로그램#서울교통공사
백악미술관,종로구,1.0,#관광지#문화시설
브이알존 엑스 코엑스 직영점,강남구,1.0,#VR체험#가상현실#가족과함께#관광지#데이트장소#삼성동#스타필드코엑스몰
JTBC,마포구,1.0,#JTBC#견학#관광지#산업관광#산업관광지#수도권#아이와함께#이색체험
MBC WORLD(견학홀),마포구,1.0,#관광지#산업관광#산업관광지
중앙고등학교,종로구,1.0,#관광지#문화재#사적지#서울중앙고등학교#수도권#역사#역사공부
연세로,서대문구,1.0,#관광지#맛집탐방#쇼핑거리#숨은맛집#연세대학교#연인과함께#우수쇼핑
남산서울타워,용산구,1.0,#19_20한국관광100선#가족여행#관광지#나홀로여행#남산서울타워
답십리 고미술상가,동대문구,1.0,#가족과함께#고미술#고미술품#골동품#관광지#기념물판매#남녀노소
경국사(서울),성북구,1.0,#가족여행#경국사#관광지#도심여행#불교#불교문화#사찰#사찰&산사
금선사(서울),종로구,1.0,#관광지#금선사신중도#불교#불교문화#사찰#사찰여행#서울금선사
서울어린이대공원,광진구,1.0,#가족여행#걷기여행#관광지#나들이#놀이동산&테마파크#당일치기여행
감로암(서울),종로구,1.0,#관광지#역사
한강시민공원 여의도지구(여의도한강공원),영등포구,1.0,#2019년4월_Tmap추천_여행예보#걷기길#관광지#나들이#도심여행
내원사(서울),성북구,1.0,#관광지#불교#불교문화#사찰#사찰여행#역사#자연속으로#자연환경
대각사,종로구,1.0,#관광지#불교#불교문화#사찰#사찰여행#역사#자연속으로#자연환경
대성사(서울),서초구,1.0,#가족여행#관광지#대성사(서울)#불교#불교문화#사찰#사찰&산사#사찰여행
만월암(서울),도봉구,1.0,#관광지#불교#불교문화#사찰#사찰여행#역사#자연속으로#자연환경
문수사(서울),종로구,1.0,#관광지#불교#불교문화#사찰#사찰여행#역사#자연속으로#자연환경
미타사(성북),성북구,1.0,#관광지#불교#불교문화#사찰#사찰여행#역사#자연속으로#자연환경
봉국사(서울),성북구,1.0,#관광지#불교#불교문화#사찰#사찰여행#역사#자연속으로#자연환경
미타사(성동),성동구,1.0,#관광지#불교#불교문화#사찰#사찰여행#역사#자연속으로#자연환경
신검사(서울),강북구,1.0,#관광지#불교#불교문화#사찰#사찰여행#역사#자연속으로#자연환경
보광사 보광선원(서울),강북구,1.0,#관광지#불교#불교문화#사찰#사찰여행#역사#자연속으로#자연환경
본원정사(서울),강북구,1.0,#관광지#불교#불교문화#사찰#사찰여행#역사#자연속으로#자연환경
자매공원(앙카라공원),영등포구,1.0,#걷기길#관광지#나들이#남녀노소#도심공원#산책길#산책하기#산책하기좋은곳
만해한용운심우장,성북구,1.0,#가족과함께#관광지#아이와함께#역사#역사공부#역사관광지#역사를품은곳
용암사(서울),은평구,1.0,#관광지#불교#불교문화#사찰#사찰여행#역사#자연속으로#자연환경
안양암(서울),종로구,1.0,#관광지#불교#불교문화#사찰#사찰여행#역사#자연속으로#자연환경
약사사(서울),강서구,1.0,#관광지#불교#불교문화#사찰#사찰여행#역사#자연속으로#자연환경
연화사(서울),동대문구,1.0,#관광지#불교#불교문화#사찰#사찰여행#역사#자연속으로#자연환경
영화사(서울),광진구,1.0,#가족여행#관광지#불교#불교문화#사찰#사찰&산사#사찰여행#역사
용굴암(서울),노원구,1.0,#관광지#불교#불교문화#사찰#사찰여행#역사#자연속으로#자연환경
한강시민공원 양화지구(양화한강공원),영등포구,1.0,#걷기길#관광지#나들이#도심여행#야경투어#양화한강공원#연인과함께
서울 몽촌토성,송파구,1.0,#관광지#교과서속여행#몽촌토성#박물관#수도권#아이와함께#역사
롯데월드타워 서울스카이,송파구,1.0,#가족여행#경치좋은곳#관광지#롯데월드타워서울스카이#사계절#서울데이트장소
정법사(서울),성북구,1.0,#관광지#불교#불교문화#사찰#사찰여행#역사#자연속으로#자연환경
적조사(서울),성북구,1.0,#관광지#불교#불교문화#사찰#사찰여행#역사#자연속으로#자연환경
천축사(서울),도봉구,1.0,#관광지#도심속#불교#불교문화#사찰#사찰여행#수도권#역사#자연환경
청량사(서울),동대문구,1.0,#관광지#도심속#불교#불교문화#사찰#사찰여행#역사#전통사찰#종교
청룡사(서울),종로구,1.0,#관광지#도심속#불교#불교문화#사찰#사찰여행#수도권#역사#전통사찰
학도암(서울),노원구,1.0,#관광지#도심속#불교#불교문화#사찰#사찰여행#역사#전통사찰#종교
학림사(서울),노원구,1.0,#관광지#도심속#불교#불교문화#사찰#사찰여행#역사#전통사찰#종교
북악산,종로구,1.0,#관광지#자연
북악산 숙정문,성북구,1.0,#관광지#역사#역사공부#역사관광지#역사를품은곳#역사문화재#역사속
호국지장사(서울),동작구,1.0,#관광지#불교#불교문화#사찰#사찰여행#역사#자연속으로#자연환경
호압사(서울),금천구,1.0,#관광지#불교#불교문화#사찰#사찰여행#역사#자연속으로#자연환경
예지원,중구,1.0,#관광지#남녀노소#도심여행#아이와함께#예지원#요리교실#이색체험
스파레이,서초구,1.0,#관광지#뷰티&스파#사우나#스파레이#여성전용#연중무휴#온천&스파
드래곤힐스파(용산),용산구,1.0,#가족과함께#경락#관광지#기념촬영#드래곤힐스파#발마사지#스포츠마사지
실로암사우나찜질방,중구,1.0,#관광지#도심여행#목욕탕#사우나#실내여행지#실로암사우나찜질방
낙원동 아구찜 거리,종로구,1.0,#관광지#낙원아구찜#남녀노소#맛집탐방#먹자골목#서울맛집투어#소주한잔
신당동 떡볶이 골목,중구,1.0,#골목분식#골목시장#관광지#떡볶이맛집#맛집#맛집탐방#숨은맛집
장충동 족발 골목,중구,1.0,#골목시장#관광지#남녀노소#먹자골목#서울맛집투어#술안주#숨은맛집
영등포 신길동 홍어거리,영등포구,1.0,#관광지#남녀노소#맛집거리#서울맛집#숨은맛집#영등포가볼만한곳
서울 종로 낙지볶음 골목,종로구,1.0,#가족과함께#골목길#골목여행#관광지#낙지거리#낙지전문점#맛집골목
서울 삼각지 대구탕 골목,용산구,1.0,#가족과함께#관광지#남녀노소#대구탕#먹방여행#먹방투어#먹자골목
응암동 감자국 거리,은평구,1.0,#가족과함께#감자탕#관광지#남녀노소#먹자골목#서울맛집투어#숨은맛집
수락산 당고개지구 공원,노원구,1.0,#공원#관광지#배드민턴#복합문화시설#산책#산책길#산책하기#산책하기좋은곳
효사정,동작구,1.0,#관광지#역사#역사공부#역사관광지#역사를품은곳#역사문화재#역사속
남대문 갈치조림골목,중구,1.0,#갈치#갈치구이#갈치조림#갈치조림골목#골목시장#관광지#남대문
공덕동 족발 골목,마포구,1.0,#가족과함께#골목길여행#골목여행#관광지#돼지고기#먹자골목#숨은맛집
아현동 전골목,마포구,1.0,#가족과함께#골목시장#관광지#김치전#맛집탐방#먹자골목#숨은맛집
관악산 호수공원,관악구,1.0,#관광지#관악산호수공원#데이트코스#도심여행#산책길#산책하기#산책하기좋은곳
오금공원,송파구,1.0,#관광지#데이트코스#산책길#산책하기#산책하기좋은곳#아이와함께
서울 살곶이 다리,성동구,1.0,#걷기길#관광지#교과서속여행#산책길#산책하기#산책하기좋은곳#서울살곶이다리
송파나루공원(석촌호수),송파구,1.0,#걷기길#관광지#산책길#산책하기#산책하기좋은곳#석촌호수#송파나루공원
살곶이체육공원,성동구,1.0,#걷기길#관광지#남녀노소#산책길#산책하기#산책하기좋은곳#살곶이체육공원
키즈오토파크,광진구,1.0,#관광지#교육여행#교육체험#아이가_좋아하는_여행#아이와함께#이색체험
마포대교 야경,마포구,1.0,#걷기#관광지#데이트코스#도심여행#드라이브여행#마포대교#마포대교야경
창경궁 홍화문,종로구,1.0,#19_20한국관광100선#가족여행#고궁#관광지#교과서속여행#사계절
삼성산성지,관악구,1.0,#관광지#산책길#산책하기#산책하기좋은곳#역사#역사공부#역사속
몽마르뜨공원,서초구,1.0,#가족과함께#공원#관광지#몽마르뜨공원#산책#산책길#산책하기#산책하기좋은곳
전주이씨광평대군파묘역,강남구,1.0,#관광지#역사#역사공부#역사관광지#역사를품은곳#역사문화재#역사속
효령대군이보묘역,서초구,1.0,#관광지#역사#역사공부#역사관광지#역사를품은곳#역사문화재#역사속
송암사,노원구,1.0,#관광지#불교#불교문화#사찰#사찰여행#역사#자연좋은곳#자연환경
창경궁 명정전,종로구,1.0,#가족과함께#관광지#아이와함께#역사공부#역사관광지#역사를품은곳
정암사,노원구,1.0,#관광지#도심여행#불교#불교문화#사찰#사찰여행#산사#역사#자연좋은곳
서울숲,성동구,1.0,#가족여행#걷기길#관광지#데이트코스#생태관광지#서울숲#수도권
SK텔레콤 티움,중구,1.0,#4G체험#SK텔레콤#SK텔레콤티움#관광지#산업관광#산업관광지#수도권
수암사,노원구,1.0,#관광지#불교#불교문화#사찰#사찰여행#역사#자연좋은곳#자연환경
"지양산(무장애숲길,유아숲체험원)",양천구,1.0,#관광지#남녀노소#산책로#산책하기좋은곳#아이와함께#이색체험#체험프로그램
온수공원,구로구,1.0,#가족과함께#관광지#산책#산책길#산책하기#산책하기좋은곳#서울근교여행
오동근린공원,강북구,1.0,#관광지#근린공원#문화시설#산책길#산책코스#산책하기#산책하기좋은곳
북한산국립공원(서울),은평구,1.0,#관광지#북한산#북한산국립공원#생태#생태관광#생태관광지#서울권
아차산생태공원,광진구,1.0,#걷기길#관광지#생태관광#아차산생태공원#자연#자연&숲#트레킹
월드컵공원,마포구,1.0,#가족여행#관광지#산책하기#산책하기좋은곳#수도권#아이와함께#연인과함께
북서울 꿈의숲,강북구,1.0,#관광지#나들이#당일치기여행#도심여행#북서울꿈의숲#산책하기좋은곳
종묘 [유네스코 세계문화유산],종로구,1.0,#가족여행#관광지#교과서속여행#당일치기여행#서울근교여행#아이와함께
수국사(서울),은평구,1.0,#가족여행#관광지#도심여행#불교#불교문화#사찰#사찰&산사#사찰여행
한국전통주연구소,종로구,1.0,#관광지#남녀노소#서울여행#소주#양조#이색체험#전통주#전통주교육기관
관문사(서울),서초구,1.0,#관광지#관문사#불교#불교문화#사찰#사찰여행#수도권#역사#전통사찰
양천나눔누리센터,양천구,1.0,#관광지#남녀노소#문화시설#문화프로그램#복합문화공간#복합문화시설
세운상가,종로구,1.0,#관광지#도시재생#복합문화공간#산업관광#산업관광지#세운상가#수도권
국회의사당,영등포구,1.0,#가족체험여행#관광지#교과서속여행#국회의사당#도심여행#수도권
청와대,종로구,1.0,#가족과함께#관광지#대통령#도심여행#아이와함께#역사공부#역사이야기
평화열차 DMZ 트레인,용산구,1.0,#DMZ여행#가족여행#가족체험여행#관광지#서울근교여행#아이와함께
강남 시티투어 - 트롤리버스,강남구,1.0,#강남시티투어#관광지#수도권#체험#친구와함께#트롤리버스
금천예술공장,금천구,1.0,#공연#관광지#금천예술공장#도시재생#문화콘텐츠산업#복합문화공간
마포 문화비축기지,마포구,1.0,#관광지#마포문화비축기지#문화비축기지#산업관광#산업관광지#수도권
서울새활용플라자,성동구,1.0,#관광지#도시재생#산업관광#산업관광지#서울재활용플라자#수도권
AHC스파,강남구,1.0,#관광지#남녀노소#부모님과함께#뷰티&스파#연인과함께#이색체험
국립4.19민주묘지,강북구,1.0,#가족여행#관광지#교과서속여행#국립4.19민주묘지#근대문화유산#당일치기여행
도시농업공원,양천구,1.0,#가족과함께#관광지#남녀노소#산책길#산책코스#산책하기좋은곳#서울산책
대한민국 임시정부 서울연통부 터,중구,1.0,#관광지#근대역사#아이와함께#역사공부#역사관광#역사를품은곳#역사문화관광
인사동,종로구,1.0,#관광지#도심여행#수도권#시티투어#인사동#주말추천여행지#체험
"계남공원(유아숲체험장, 우렁바위)",양천구,1.0,#걷기길#관광지#산책코스#산책하기좋은곳#아이와함께#자연좋은곳
숭례문,중구,1.0,#관광지#교과서속여행#수도권#숭례문#아이와함께#역사#역사유적지
안양천 사계절 테마원,양천구,1.0,#공원#관광지#도심공원#사진찍기좋은곳#산책로#산책하기좋은곳#서울산책
"양천공원(통합놀이터,키지트,베이비존)",양천구,1.0,#관광지#산책하기좋은곳#아이가_좋아하는_여행#아이와가볼만한곳#아이와함께
갈산근린공원,양천구,1.0,#갈산근린공원#걷기길#관광지#나들이#산책길#산책로#산책하기좋은곳
서서울호수공원,양천구,1.0,#가족여행#걷기여행#관광지#나들이(피크닉)#당일치기여행#사계절
파리공원,양천구,1.0,#걷기길#관광지#나들이#문화시설#서울도심여행#아이와함께#연인과함께
"신트리공원(농촌체험,자연학습장)",양천구,1.0,#가족과함께#관광지#산책로#산책하기좋은곳#서울산책#아이와함께
오목공원,양천구,1.0,#관광지#남녀노소#도심공원#산책길#산책로#산책코스#산책하기좋은곳
나무마을목공방,양천구,1.0,#가족과함께#관광지#남녀노소#목공예#목공체험#연인과함께#이색체험
장수공원(열녀문),양천구,1.0,#관광지#남녀노소#산책하기좋은곳#아이와함께#역사문화재#역사이야기
곰달래꿈마을,양천구,1.0,#SNS감성사진#골목여행#골목투어#관광지#사진찍기좋은곳#산책하기좋은곳
용왕산근린공원,양천구,1.0,#가족여행#걷기길#관광지#나들이#서울도심여행#아이와함께#용왕산근린공원
파크하비오 워터킹덤&스파,송파구,1.0,#가족과함께#관광지#무더위_피해_실내놀이#미세먼지_피하는_실내여행
"서울 의릉(경종,선의왕후) [유네스코 세계문화유산]",성북구,1.0,#관광지#교과서속여행#도심여행#서울의릉#아이와함께#역사#역사공부
"서울 헌릉(태종,원경왕후)과 인릉(순조,순원왕후) [유네스코 세계문화유산]",서초구,1.0,#가족여행#관광지#교과서속여행#서울헌릉과인릉#아이와함께#역사
서울 태릉(문정왕후)과 강릉(인순왕후) [유네스코 세계문화유산],노원구,1.0,#가족여행#관광지#교과서속여행#서울태릉과강릉#아이와함께#역사
서대문독립공원,서대문구,1.0,#걷기길#관광지#교과서속여행#서대문독립공원#수도권#아이와함께
백사실계곡,종로구,1.0,#가족여행#경치좋은곳#관광지#백사실계곡#서울여행#여름가볼만한곳
양화진외국인선교사묘원(외인묘지),마포구,1.0,#관광지#수도권#양화진외국인선교사묘원#역사#역사공부#역사관광지
서울월드컵경기장 스타디움 투어,마포구,1.0,#관광지
한국가구박물관,성북구,1.0,#가구박물관#관광지#박물관#산업관광#산업관광지#수도권#아이와함께
G밸리 패션지원센터,금천구,1.0,#G밸리패션지원센터#관광지#산업관광#산업관광지#수도권#이색체험
구로공단 노동자생활체험관,금천구,1.0,#관광지#구로공단#구로공단노동자생활체험관#노동자생활체험관#산업관광
연필로 명상하기,중구,1.0,#견학#관광지#산업관광#산업관광지#수도권#아이와함께#애니메이션
팹랩 서울,종로구,1.0,#관광지#산업관광#산업관광지#수도권#아이와함께#이색체험#체험여행
크라운해태 키즈뮤지엄,용산구,1.0,#관광지#박물관#산업관광#산업관광지#수도권#아이와함께#이색체험
양재동 화훼공판장 (꽃문화체험관),서초구,1.0,#관광지#산업관광#산업관광지#수도권#아이와함께#양재동화훼공판장
생명보험교육문화센터,종로구,1.0,#관광지#산업관광#산업관광지#생명보험교육문화센터#수도권#아이와함께
성동4차산업혁명체험센터,성동구,1.0,#4차산업#관광지#산업관광#산업관광지#성동4차산업혁명체험센터#수도권
수도박물관,성동구,1.0,#가족여행#관광지#근대문화유산#근대산업유산#박물관#산업관광#산업관광지
삼성 딜라이트,서초구,1.0,#관광지#산업관광#산업관광지#삼성딜라이트#삼성전자홍보관#수도권
DMC 홍보관,마포구,1.0,#DMC#DMC홍보관#관광지#복합문화공간#산업관광#산업관광지#수도권
YTN,마포구,1.0,#YTN#견학#관광지#방송국#사업관광지#산업관광#수도권#아이와함께
tbs교통방송,마포구,1.0,#TBS#tbs교통방송#견학#관광지#교통방송#방송국#산업관광#산업관광지
조선일보 뉴지엄,동작구,1.0,#관광지#뉴지엄#산업관광#산업관광지#수도권#아이와함께#이색체험
구의 아리수 정수센터,광진구,1.0,#관광지#구의아리수정수센터#산업관광#산업관광지#수도권#아리수정수센터
아리수나라,광진구,1.0,#관광지#박물관#산업관광#산업관광지#수도권#아리수나라#아이와함께
SM town,강남구,1.0,#SMTOWN#SM타운#관광지#문화콘텐츠산업#박물관#복합문화공간
여계묘역,구로구,1.0,#관광지#역사#역사공부#역사관광지#역사를품은곳#역사속#역사속으로
울라스튜디오,용산구,1.0,#관광지#반려견과함께#반려견동반#반려견동반여행지#사진촬영#애견동반
신선경과 류인호 묘역,송파구,1.0,#관광지#교과서속여행#신선경과류인호묘역#아이와함께#역사#역사공부
경성 부민관 폭탄 의거지,중구,1.0,#경성부민관폭탄의거지#관광지#수도권#역사#역사공부#역사관광지
마포전차종점 3·1운동 만세 시위지,마포구,1.0,#3·1운동_100주년_여행지추천#관광지#마포전차종점3·1운동만세시위지
맥아더 사령관 한강방어선 시찰지,영등포구,1.0,#관광지#맥아더사령관한강방어선시찰지#수도권#역사#역사공부#역사를품은곳
정동교회 이필주 사택 터,중구,1.0,#관광지#수도권#역사#역사관광지#역사를품은곳#역사문화재#역사속
신석구 사택 터,중구,1.0,#관광지#수도권#신석구사택터#역사#역사관광지#역사를품은곳#역사문화재
김익상 의거지,중구,1.0,#관광지#교과서속여행#김익상의거지#수도권#역사#역사공부#역사관광지
이재명 의거지,중구,1.0,#관광지#수도권#역사#역사공부#역사를품은곳#역사문화재#역사속
대한제국군 서울시가 전투지,중구,1.0,#관광지#대한제국군서울시가전투지#수도권#역사#역사공부#역사를품은곳
이충순 자결 터,중구,1.0,#관광지#수도권#역사#역사공부#역사를품은곳#역사속#역사속으로
도봉산,도봉구,1.0,#가족여행#관광지#당일치기여행#도봉산#등산#등산로#사계절#서울근교여행
북한산국립공원(도봉 지구),강북구,1.0,#관광지#자연
구암서원 터(구암정),강동구,1.0,#관광지#구암서원터#구암정#수도권#역사#역사공부#역사를품은곳
도봉서원,도봉구,1.0,#관광지#교과서속여행#기념물#도봉서원#서원#수도권#역사#역사공부
홍지문 및 탕춘대성,종로구,1.0,#가족여행#관광지#문화재#서울여행#서울특별시유형문화재#역사#역사공부
토성산성 어울길,송파구,1.0,#걷기길#걷기여행#관광지#남한산성길#생태관광#생태관광지#성내천
북한산 생태탐방연수원,도봉구,1.0,#관광지#박물관#북한산생태탐방연수원#생태관광#생태관광지#체험학습
북악산생태탐방로,종로구,1.0,#걷기길#관광지#북악산#북악산생태탐방로#생태관광#생태관광지#트레킹
북한산국립공원,성북구,1.0,#걷기길#관광지#봄꽃여행#북한산#북한산국립공원#북한산성#생태관광
(주) 교보문고,종로구,1.0,#관광지#교보문고#도서관#도심여행#문화시설#문화행사#사계절#수도권
문화일보홀,중구,1.0,#관광지#데이트코스#문화시설#문화일보홀#뮤지컬#상설공연#아이와함께
이화여대 자연사박물관,서대문구,1.0,#관광지#교과서속여행#문화시설#박물관#수도권#아이와함께#이화여대자연사박물관
홍대난타전용관,마포구,1.0,#가족여행#관광지#도심여행#문화시설#문화행사#사계절#수도권#실내여행지
일민미술관,종로구,1.0,#관광지#데이트코스#문화시설#미술관#수도권#아이와함께#연인과함께
카이스 갤러리,강남구,1.0,#가족여행#관광지#기획전시#나들이#데이트코스#도심여행#문화시설
사비나미술관,종로구,1.0,#관광지#기획전시#단체관람#도심여행#문화시설#미술관#사비나미술관
MoA 서울대학교미술관,관악구,1.0,#가족여행#관광지#문화시설#미술관#서울대학교미술관#수도권#실내여행지
예술의전당,서초구,1.0,#가족여행#공연장#관광지#나들이#데이트코스#문화시설#수도권#실내여행지
호림박물관,관악구,1.0,#관광지#나들이#문화시설#박물관#수도권#실내여행지#아이와함께
이화여자대학교박물관,서대문구,1.0,#관광지#무료관람#문화시설#박물관#사계절#수도권#실내여행지#아이와함께
소마미술관,송파구,1.0,#가족여행#관광지#문화시설#미술관#사계절#소마미술관#수도권#예술
디타워 (replace 광화문),종로구,1.0,#관광지#쇼핑
마장 축산물시장,성동구,1.0,#가족여행#관광지#마장축산물시장#사계절#쇼핑#수도권#시장맛집
영산아트홀,영등포구,1.0,#공연장#관광지#데이트코스#문화시설#상설공연#수도권#아이와함께
모차르트 콘서트홀,서초구,1.0,#가족여행#관광지#단체관람#도심여행#모차르트콘서트홀#문화시설
몽촌역사관,송파구,1.0,#관광지#도심여행#몽촌역사관#무료관람#문화시설#박물관#수도권
아르코예술극장,종로구,1.0,#공연장#관광지#데이트코스#문화시설#상설공연#아르코예술극장#아이와함께
양화진홀 전시관,마포구,1.0,#가족여행#관광지#교과서속여행#근대문화유산#문화시설#사계절#수도권
서울특별시교육청 과학전시관 (남산분관),중구,1.0,#관광지#교과서속여행#문화시설#사계절#서울특별시과학전시관남산분관
국립극장,중구,1.0,#공연장#관광지#국립극장#데이트코스#문화시설#상설공연#아이와함께
동국대학교 박물관,중구,1.0,#관광지#교과서속여행#동국대학교박물관#문화시설#박물관#수도권
허준박물관,강서구,1.0,#관광지#교과서속여행#도심여행#문화시설#박물관#아이와함께#전통&역사문화체험
서울특별시교육청 노원평생학습관,노원구,1.0,#관광지#문화시설
강남문화원,강남구,1.0,#관광지#문화시설
건국대학교 상허기념도서관,광진구,1.0,#관광지#문화시설
일자산자연공원,강동구,1.0,#걷기길#관광지#수도권#연중무휴#일자산자연공원#자연#힐링
신문박물관,종로구,1.0,#가족여행#관광지#교과서속여행#도심여행#문화시설#박물관#신문박물관
한국천주교순교자박물관,마포구,1.0,#관광지#나홀로여행#문화시설#박물관#수도권#실내여행지#이색체험
서울강서문화원,강서구,1.0,#강서구#관광지#무장애#문화보존#문화시설#문화원#문화행사#서울시
성북문화원,성북구,1.0,#관광지#무장애#문화시설#문화원#서울시#성북구#전통문화#지역문화
갤러리 라메르,종로구,1.0,#갤러리라메르#관광지#나홀로여행#데이트코스#도심여행#문화시설
외교사료관,서초구,1.0,#관광지#교과서속여행#문화시설#수도권#아이와함께#외교사료관#이색체험
서울대학교 규장각,관악구,1.0,#관광지#문화시설#서울대학교규장각#수도권#실내여행지#아이와함께
서울특별시교육청 과학전시관,관악구,1.0,#관광지#교과서속여행#문화시설#사계절#서울특별시과학전시관#수도권
한전아트센터 갤러리,서초구,1.0,#관광지#데이트코스#문화시설#미술관#수도권#아이와함께#예술#전시관
더케이아트홀,서초구,1.0,#가족여행#관광지#더케이아트홀#문화시설#문화행사#사계절#상설공연
박을복자수박물관,강북구,1.0,#관광지#교과서속여행#문화시설#박물관#박을복자수박물관#수도권
경희대학교 자연사박물관,동대문구,1.0,#경희대학교자연사박물관#관광지#교과서속여행#문화시설#박물관#수도권
한국자수박물관,강남구,1.0,#관광지#나들이#문화시설#박물관#수도권#아이와함께#예술#전시관
위니아트(건국대학교 새천년관 대공연장),광진구,1.0,#건국대학교대공연장#공연장#관광지#데이트코스#문화생활#문화시설
덕성여자대학교박물관,도봉구,1.0,#관광지#교과서속여행#덕성여자대학교박물관#문화시설#박물관#수도권
중랑문화원,중랑구,1.0,#관광지#문화시설#문화행사#복합문화공간#아이와함께#연인과함께
송파문화원,송파구,1.0,#관광지#문화시설
광진문화원,광진구,1.0,#관광지#문화시설
성동문화원,성동구,1.0,#관광지#문화시설
노원문화원,노원구,1.0,#관광지#문화시설
LG아트센터,강남구,1.0,#LG아트센터#관광지#데이트코스#문화시설#복합문화공간#상설공연
자생식물학습장,종로구,1.0,#가족여행#고궁#관광지#교과서속여행#꽃여행#사계절#수도권#실내여행지
헌인릉 생태경관보전지역(오리나무림),서초구,1.0,#관광지#나들이#당일치기여행#생태관광#수도권#오리나무림#자연
양재천 생태공원,서초구,1.0,#관광지#나들이#당일치기여행#도심여행#양재천생태공원#자연#자연&숲
북악스카이 팔각정,종로구,1.0,#걷기길#관광지#도심여행#북악스카이팔각정#수도권#야간관광100선
여의도샛강생태공원,영등포구,1.0,#가족여행#걷기길#관광지#나들이#도심여행#생태관광#여의도샛강생태공원
길동생태공원,강동구,1.0,#가족체험여행#걷기길#관광지#길동생태공원#생태관광지#수도권#자연
서울창포원,도봉구,1.0,#걷기길#관광지#생태관광#서울창포원#아이와함께#이색체험#자연
강서습지생태공원,강서구,1.0,#가족여행#강서습지생태공원#걷기길#관광지#나들이#도심여행#생태관광
청계천 버들습지,동대문구,1.0,#관광지#나들이#당일치기여행#도심여행#숲#자연#자연좋은곳#청계천버들습지
대학로예술극장,종로구,1.0,#가족여행#관광지#대학로예술극장#데이트코스#문화시설#사계절#상설공연
관세박물관,강남구,1.0,#관광지#관세박물관#문화시설#박물관#수도권#아이와함께#이색체험
세라믹 팔레스 홀,강남구,1.0,#가족여행#관광지#도심여행#문화시설#세라믹팔레스홀#실내여행지
경인미술관,종로구,1.0,#경인미술관#관광지#데이트코스#문화시설#미술관#수도권#아이와함께
갤러리 시몬,종로구,1.0,#갤러리시몬#관광지#데이트코스#문화시설#미술관#수도권#실내여행지
전기박물관,서초구,1.0,#관광지#교과서속여행#문화시설#박물관#수도권#아이와함께#전기박물관
포스코미술관,강남구,1.0,#관광지#데이트코스#문화시설#미술관#수도권#아이와함께#연인과함께
이스라엘문화원,서초구,1.0,#관광지#교과서속여행#문화시설#문화행사#사계절#수도권#실내여행지
주한 프랑스문화원,중구,1.0,#관광지#교과서속여행#도서관#문화시설#문화행사#사계절#수도권
나루아트센터,광진구,1.0,#가족여행#관광지#나루아트센터#문화시설#문화행사#복합문화공간
한전아트센터 공연장,서초구,1.0,#가족여행#관광지#단체관람#문화시설#아이와함께#연인과함께#예술
한양대학교박물관,성동구,1.0,#관광지#교과서속여행#문화시설#박물관#수도권#아이와함께#전시관
상명대학교 박물관,종로구,1.0,#관광지#교과서속여행#문화시설#박물관#상명대학교박물관#수도권
아트홀 봄,동작구,1.0,#공연#관광지#문화공간#문화시설#복합문화공간#사계절#수도권#아트홀봄
동덕여자대학교 박물관,성북구,1.0,#관광지#교과서속여행#동덕여자대학교박물관#문화시설#박물관#사계절
광장시장,종로구,1.0,#가족여행#관광지#광장시장#나들이#나홀로여행#데이트코스#도심여행
신촌 플레이버스,서대문구,1.0,#관광지#도심여행#문화콘텐츠산업#문화행사#수도권#신촌플레이버스
남산 야외식물원,용산구,1.0,#가족여행#관광지#남산야외식물원#데이트코스#도심여행#사계절#수도권
신세계백화점 (본점),중구,1.0,#관광지#쇼핑
행복한백화점,양천구,1.0,#관광지#쇼핑
충무공사,종로구,1.0,#관광지#쇼핑
용산전자랜드,용산구,1.0,#관광지#쇼핑
영풍문고 스타필드코엑스몰점,강남구,1.0,#관광지#쇼핑
밀리오레 (명동점),중구,1.0,#관광지#명동밀리오레#복합쇼핑몰#쇼핑#수도권
신라아이파크면세점,용산구,1.0,#관광지#쇼핑
남대문 메사 (MESA),중구,1.0,#관광지#쇼핑
마리오아울렛,금천구,1.0,#관광지#마리오아울렛#쇼핑#수도권#연인과함께#친구와함께
프리스비 (Frisbee) 건대점,광진구,1.0,#관광지#쇼핑
맥스타일 (maxtyle),중구,1.0,#관광지#쇼핑
금강제화 (강남본점),강남구,1.0,#관광지#쇼핑
자라 (영플라자점),중구,1.0,#관광지#쇼핑
망원시장,마포구,1.0,#가족여행#관광지#나들이#나홀로여행#데이트코스#망원시장#먹거리
풋볼 팬타지움,마포구,1.0,#VR체험#관광지#문화시설#박물관#복합레저스포츠#실내놀이터#아이와함께
광화문광장,종로구,1.0,#걷기길#관광지#광화문광장#도심공원#도심순환#도심여행#산책하기좋은곳
덕수궁 돌담길,중구,1.0,#걷기길#걷기여행#걷기좋은곳#고궁#관광지#덕수궁돌담길#데이트장소추천
롯데월드 가든스테이지,송파구,1.0,#공연장#관광지#나들이#놀이공원&테마파크#데이트코스#롯데월드가든스테이지
롯데월드 민속박물관,송파구,1.0,#관광지#나들이#놀이동산&테마파크#데이트코스#롯데월드#롯데월드민속박물관
롯데월드 언더씨킹덤,은평구,1.0,#관광지#놀이기구#롯데월드언더씨킹덤#미세먼지_피하는_실내여행#실내관광지
남산공원(서울),중구,1.0,#가족여행#걷기길#걷기여행#관광지#나들이#남산공원#당일치기여행
낙산공원,종로구,1.0,#가족여행#관광지#나들이#낙산공원#데이트코스#드라이브여행#수도권
롯데월드타워&롯데월드몰,송파구,1.0,#관광지#데이트코스#도심여행#롯데월드타워&롯데월드몰#문화행사
명동,중구,1.0,#15_16한국관광100선#17_18한국관광100선#19_20한국관광100선#관광지
보라매안전체험관,동작구,1.0,#가족여행#관광지#미세먼지_피하는_실내여행#박물관#보라매안전체험관
서울 중구문화원,중구,1.0,#관광지#문화시설#문화원#문화행사#서울중구문화원#수도권
대림미술관,종로구,1.0,#관광지#나들이#나홀로여행#대림미술관#문화시설#미술관#연인과함께
토탈미술관,종로구,1.0,#관광지#데이트코스#문화시설#미술관#수도권#아이와함께#연인과함께
전쟁과여성인권박물관,마포구,1.0,#관광지#문화시설#박물관#수도권#아이와함께#아픈과거#역사속#역사속으로
축구전시관,종로구,1.0,#관광지#문화시설#박물관#사계절#수도권#실내여행지#아이와함께
탑골공원,종로구,1.0,#가족여행#관광지#나들이#데이트코스#드라이브여행#수도권#아이와함께
흥인지문,종로구,1.0,#가족여행#관광지#교과서속여행#당일치기여행#서울근교여행#아이와함께
구 서울대학교 본관,종로구,1.0,#관광지#구서울대학교본관#근대문화유산#서울대학교#역사#역사공부
한국예절문화원,마포구,1.0,#관광지#문화시설
세종대학교박물관,광진구,1.0,#관광지#문화시설
마로니에극장,종로구,1.0,#관광지#마로니에극장#문화시설#소극장#수도권#연극
몽골 울란바타르 문화진흥원,광진구,1.0,#관광지#문화시설
갤러리 마노,강남구,1.0,#관광지#문화시설
대학로 두레홀 4관,종로구,1.0,#관광지#문화시설
갤러리 서림,강남구,1.0,#관광지#문화시설
동덕아트갤러리,종로구,1.0,#관광지#문화시설
갤러리 한,종로구,1.0,#관광지#문화시설
부엉이박물관,종로구,1.0,#관광지#문화시설
세계장신구박물관,종로구,1.0,#관광지#문화시설
통인가게(통인화랑),종로구,1.0,#관광지#문화시설
갤러리 나우,종로구,1.0,#관광지#문화시설
하나로갤러리,종로구,1.0,#관광지#문화시설
이한열박물관,마포구,1.0,#관광지#문화시설
인사미술공간,종로구,1.0,#관광지#문화시설
갤러리 아트사이드,종로구,1.0,#관광지#문화시설
국가정보원 안보전시관,서초구,1.0,#관광지#문화시설
신한갤러리(광화문),중구,1.0,#관광지#문화시설
청작화랑,강남구,1.0,#관광지#문화시설
UM갤러리,강남구,1.0,#관광지#문화시설
모인화랑,종로구,1.0,#관광지#문화시설
여의천,서초구,1.0,#관광지#수도권#여의천#자연
초전섬유ㆍ퀼트박물관,중구,1.0,#관광지#문화시설
창희보석예술관,강남구,1.0,#관광지#문화시설
종로문화원,종로구,1.0,#관광지#문화시설#문화원#수도권#종로문화원
유관순기념관(서울),중구,1.0,#3·1운동_100주년_여행지추천#가족과함께#관광지#기념관#문화시설
성곡미술관,종로구,1.0,#관광지#도심여행#문화시설#미술관#사계절#성곡미술관#실내여행지
어반아트,강남구,1.0,#갤러리#관광지#문화시설#미술관#수도권#어반아트
전통염료식물원,용산구,1.0,#관광지#자연
암사생태공원,강동구,1.0,#관광지#자연
방이동 생태경관 보전지역,송파구,1.0,#관광지#방이동생태경관보전지역#생태#수도권#자연
재활용창작품상설전시관,양천구,1.0,#관광지#문화시설#수도권#재활용#재활용관광지#재활용창작품상설전시관
갤러리 원,강남구,1.0,#갤러리#관광지#문화공간#문화시설#복합문화공간#열린문화공간#전시
진화랑,종로구,1.0,#관광지#문화공간#문화시설#복합문화공간#열린문화공간#예술품#전시
키미아트,종로구,1.0,#가족과함께#관광지#데이트#문화공간#문화시설#미술인#복합문화공간
아트파크,종로구,1.0,#갤러리#공연/전시#관광지#문화시설#미술관#복합문화공간#열린문화공간
백해영갤러리,용산구,1.0,#갤러리#관광지#근대문화예술#문화시설#문화예술#문화예술#문화예술공간
유 아트 스페이스,강남구,1.0,#관광지#문화공간#문화시설#미술품#상설전시#열린문화공간#전시작품
김현주 갤러리,종로구,1.0,#관광지#문화공간#문화시설#미술관#미술인#복합문화공간#열린문화공간
아름다운 차박물관,종로구,1.0,#갤러리#관광지#도자기#문화시설#문화예술공간#열린문화공간#전통차
갤러리조선,종로구,1.0,#갤러리#공연/전시#관광지#문화시설#미술가#복합문화공간#열린문화공간
박여숙화랑,강남구,1.0,#관광지#문화공간#문화시설#문화예술공간#미술관#미술인#복합문화공간
상원미술관,종로구,1.0,#관광지#도심여행#문화시설#사계절#상원미술관#실내여행지#아이와함께
갤러리 빔,종로구,1.0,#갤러리#관광지#문화공간#문화시설#미술관#복합문화공간#열린문화공간
소극장 산울림,마포구,1.0,#공연#관광지#데이트#문화시설#문화예술#소극장#연극#연극단#연인과함께
갤러리 뤼미에르,종로구,1.0,#관광지#문화공간#문화시설#문화예술#복합문화공간#열린문화공간
갤러리에이엠,종로구,1.0,#갤러리#관광지#근대미술#근대미술관#문화공간#문화시설#문화예술
연우소극장,종로구,1.0,#관광지#문화시설
김종영미술관,종로구,1.0,#관광지#문화공간#문화시설#문화예술#미술관#복합문화공간#열린문화공간
몽인아트스페이스,중구,1.0,#관광지#문화공간#문화시설#문화예술#문화예술창작공간#복합문화공간
사루비아다방,종로구,1.0,#공연#관광지#문화공간#문화시설#문화예술#복합문화공간#열린문화공간
갤러리 아트링크,종로구,1.0,#관광지#데이트#문화공간#문화시설#문화예술#복합문화공간#열린문화공간
한강,성동구,1.0,#관광지#자연
알파갤러리,중구,1.0,#고미술품#관광지#문화공간#문화시설#문화예술#미술품#복합문화공간
갤러리 스클로,중구,1.0,#관광지#문화공간#문화시설#문화예술#복합문화공간#소장품#소장품
갤러리 룩스,종로구,1.0,#관광지#문화공간#문화시설#문화예술#미술품#복합문화공간#열린문화공간
한벽원미술관,종로구,1.0,#관광지#문화공간#문화시설#문화예술#미술관#복합문화공간#소장품
평강성서유물 박물관,구로구,1.0,#가족과함께#가족체험#관광지#문화시설#박물관#아이와함께#역사
하나아트갤러리,종로구,1.0,#갤러리#관광지#문화공간#문화시설#문화예술#복합문화공간#열린문화공간
아차산,광진구,1.0,#관광지#등산#산#수도권#아차산#자연#전망좋은곳
한방스파 여용국,송파구,1.0,#관광지#뷰티&스파온천&스파#연인과함께#친구와함께#휴식공간#휴식여행
반포 서래섬,서초구,1.0,#관광지#자연
시간을 담다,중구,1.0,#관광지#그림그리기체험#데이트장소추천#문화공간#미세먼지_피하는_실내여행
분재박물관,서초구,1.0,#관광지#문화시설#미세먼지_피하는_실내여행#분재#소나무#숲속#식물박물관
개봉 유수지,구로구,1.0,#가족과함께#공원#관광지#산책로#산책하기좋은곳#아침운동#연인과함께
구로기계공구단지,구로구,1.0,#공구#관광지#산업관광#산업관광지#산업단지#산업용품#상가#쇼핑
궁동저수지 생태공원,구로구,1.0,#가족과함께#공원#관광지#산책하기좋은곳#생태공원#연인과함께#자연환경
고척근린공원,구로구,1.0,#가족과함께#공원#관광지#산책길#산책하기좋은곳#연인과함께#자연환경
국제음식문화거리(INTERNATIONAL FOOD STREET),구로구,1.0,#가족과함께#관광지#맛집#먹거리여행#먹거리타운#먹자골목#문화공간
이씨레물리노공원(구로근린공원),구로구,1.0,#걷기좋은곳#공원#관광지#문화공간#복합문화공간#산책로#산책하기좋은곳
음식문화특화거리(깔깔거리),구로구,1.0,#관광지#맛집#맛집골목#맛집탐방#먹방여행#먹방투어#연인과함께
온수도시 자연공원(잣절공원),구로구,1.0,#가족과함께#가족체험#가족체험학습#공원#관광지#도시자연공원#반딧불이
천왕근린공원,구로구,1.0,#걷기좋은곳#공원#관광지#산책하기좋은곳#아이와함께#연인과함께
엘크레,강남구,1.0,#감성사진#관광지#메이크업#분위기좋은카페#뷰티#뷰티투어#사진찍기좋은곳
대안공간 루프,마포구,1.0,#공연#공연/전시#관광지#대안공간루프#문화시설#문화예술공간#복합문화공간
남산 팔각정,용산구,1.0,#관광지#남산N서울타워#남산케이블카#남산팔각정#데이트#산책하기좋은곳
홍대,마포구,1.0,#17_18한국관광100선#19_20한국관광100선#관광지#서울#수도권
한복남,종로구,1.0,#관광지#체험
이태원 앤틱 가구 거리,용산구,1.0,#가구점#가족과함께#골동품#관광지#목가구#연인과함께#이색거리
K-Taekwon school 태권도체험,강동구,1.0,#건강여행#관광지#남녀노소#실내레포츠#실내운동#실내체육관#아이와함께
나석주의사동상,중구,1.0,#3.1운동#3·1운동_100주년_여행지추천#관광지#나석주의사#독립운동
관악산,관악구,1.0,#관광지#관악산#등산#수도권#자연#힐링
이태원 관광특구,용산구,1.0,#19_20한국관광100선#관광지#다문화#데이트장소추천#도심여행#문화행사
동십자각,종로구,1.0,#관광지#교과서속여행#동십자각#문화재#수도권#역사#역사공부#역사관광지
서울 관상감 관천대,종로구,1.0,#관광지#관상감관천대#문화재#수도권#역사#역사공부#역사관광지
서울 경모궁지,종로구,1.0,#경모궁지#고택#관광지#교과서속여행#문화재#수도권#역사#역사공부
서울 동관왕묘,종로구,1.0,#관광지#교과서속여행#동관왕묘#문화재#사당#수도권#역사#역사공부
율곡로,종로구,1.0,#가로수길#관광지#돌담길#산책코스#산책하기좋은곳#수도권#역사
서울 대한의원,종로구,1.0,#관광지#교과서속여행#문화재#서울대한의원#수도권#역사#역사공부
유심사,종로구,1.0,#관광지#교과서속여행#수도권#역사#역사공부#역사관광지#역사를품은곳
국제갤러리,종로구,2.0,#국제갤러리#나들이#데이트코스#문화시설#미술관#수도권#실내여행지
국립현대미술관(덕수궁관),중구,2.0,#국립현대미술관#덕수궁관#데이트코스#문화시설#미술관#수도권#실내여행지
국립한글박물관,용산구,2.0,#가족체험여행#교과서속여행#국립한글박물관#문화시설#문화행사#미세먼지_피하는_실내여행
국립중앙박물관,용산구,2.0,#국립중앙박물관#나들이#문화시설#미세먼지_피하는_실내여행#박물관
정동극장,중구,2.0,#가족여행#데이트코스#도심여행#문화시설#아이와함께#연인과함께
국립국악원,서초구,2.0,#가족여행#공연장#국립국악원#데이트코스#문화시설#수도권#실내여행지
명동예술극장,중구,2.0,#명동예술극장#문화공간#문화시설#문화예술#문화예술공간#복합문화공간
청와대사랑채,종로구,2.0,#가족여행#교과서속여행#기념관#도심여행#문화시설#사계절#실내여행지
대한민국역사박물관,종로구,2.0,#교과서속여행#대한민국역사박물관#문화시설#미세먼지_피하는_실내여행
국립중앙도서관,서초구,2.0,#국립중앙도서관#데이트코스#도서관#문화시설#수도권#아이와함께
국립고궁박물관,종로구,2.0,#교과서속여행#국립고궁박물관#나들이#문화시설#박물관#실내여행지
떡박물관,종로구,2.0,#나들이#도심여행#떡박물관#문화시설#박물관#아이와함께#연인과함께
춘원당한방박물관,종로구,2.0,#가족여행#건강여행#도심여행#문화시설#박물관#약초생활건강#이색체험
국립현대미술관(서울관),종로구,2.0,#국립현대미술관서울관#기념품판매#문화공간#문화시설#문화예술활동
환기미술관,종로구,2.0,#문화공간#문화시설#문화예술#복합문화공간#열린문화공간#예술품
용산공예관,용산구,2.0,#가족과함께#공예#공예체험#공예품#남녀노소#문화시설#문화유산
용산문화원,용산구,2.0,#문화사업#문화시설#수도권#용산문화원
구로문화원,구로구,2.0,#문화강좌#문화시설#아이와 함께#열린문화공간
남산예술센터,중구,2.0,#남산예술센터#문화시설#복합문화공간#아이와함께#주말추천여행지
목인박물관&갤러리,종로구,2.0,#문화공간#문화시설#문화예술#문화예술공간#문화예술활동#복합문화공간
스페이스 111,종로구,2.0,#나홀로여행#도심여행#문화공간#문화공연#문화시설#문화예술#복합문화공간
금호아트홀,종로구,2.0,#가족여행#금호아트홀#데이트코스#문화시설#아이와함께#연인과함께
김대중도서관,마포구,2.0,#교과서속여행#김대중도서관#도서관#도심여행#독서여행#문화시설
가톨릭대학교 성신교정도서관,종로구,2.0,#독서#문화시설#성신교정도서관#자료제공
별마당도서관,강남구,2.0,#가족과함께#도서관#도심여행#문화시설#별마당도서관#삼성역#서점
은평문화원,은평구,2.0,#문화시설#복합문화공간#열린문화공간#은평문화원#친구와 함께
은평문화예술회관,은평구,2.0,#공연장#데이트코스#문화생활#문화시설#상설공연#아이와함께#연인과함께
응암정보도서관,은평구,2.0,#도서관#독서#문화시설#문화행사#수도권#아이와함께#여름방학가볼만한곳
영등포문화원,영등포구,2.0,#문화시설#문화학교#문화행사#수도권#영등포문화원
브이센터 (브이센터 더라이브뮤지엄),강동구,2.0,#가족과함께#기념품판매#문화시설#문화콘텐츠산업#브이센터#수도권
둘리뮤지엄,도봉구,2.0,#둘리뮤지엄#문화시설#문화콘텐츠산업#박물관#복합문화공간#수도권
도봉문화원,도봉구,2.0,#문화시설#문화예술교육#문화탐방#수도권#아이와함께
서울특별시교육청 강동도서관,강동구,2.0,#도서관#독서#문화시설#수도권#아이와함게#친구와함께
암사동 선사주거지 원시생활전시관,강동구,2.0,#교과서속여행#나들이#문화시설#박물관#아이와함께#암사동선사주거지원시전시관
서울특별시교육청 고덕평생학습관,강동구,2.0,#고덕평생학습관#도서관#문화시설#사계절#수도권#아이와함께#체험학습
국회 방문자센터 헌정기념관,영등포구,2.0,#교과서속여행#국회방문자센터#기념관#문화시설#수도권#아이와함께
서울특별시교육청 도봉도서관,도봉구,2.0,#교육청#도봉#도서관#무장애#문화시설#서울시
강동아트센터,강동구,2.0,#공연전시#데이트#문화시설#아이와함게#예술#휴식
평화문화진지,도봉구,2.0,#문화시설
서대문자연사박물관,서대문구,2.0,#가족여행#단체관람#문화시설#박물관#서대문자연사박물관#아이와함께
서울특별시교육청 영등포평생학습관,영등포구,2.0,#문화시설#서울특별시교육청영등포평생학습관#수도권#영등포평생학습관
서울교육박물관,종로구,2.0,#교과서속여행#도심여행#문화시설#박물관#서울교육박물관#수도권
서울특별시교육청 개포도서관,강남구,2.0,#개포도서관#도서관#문화시설#서울특별시교육청개포도서관#수도권
금천구립금나래도서관,금천구,2.0,#금천구립금나래도서관#도서관#문화시설#사계절#실내여행지#아이와함께
서대문형무소역사관,서대문구,2.0,#3·1운동_100주년_여행지추천#가족과함께#교과서속여행#문화시설
서울특별시교육청 동작도서관,동작구,2.0,#도서관#문화시설#서울특별시#아이와 함께#친구와 함께
지식재산전문도서관,강남구,2.0,#강남구#나홀로여행#남녀노소#도서관#독서여행#문화시설#서울도심여행
서울특별시교육청 강남도서관,강남구,2.0,#강남구#독서교육#문화시설#아이와 함께#정보제공
도산안창호기념관,강남구,2.0,#교과서속여행#도산안창호기념관#문화시설#박물관#수도권#실내여행지
근현대사기념관,강북구,2.0,#교과서속여행#근현대사기념관#기념관#도심여행#문화시설#아이와함께
서울특별시교육청 동대문도서관,동대문구,2.0,#도서관#독서#동대문#문화시설#아이와 함께#친구와 함께
금천구립독산도서관,금천구,2.0,#금천구#독서교육#문화시설#아이와 함께
서울특별시교육청 서대문도서관,서대문구,2.0,#도서관#문화시설#서대문구#아이와 함께#자료제공
금천구립가산도서관,금천구,2.0,#도서관#독서여행#문화시설#친구와 함께#힐링
서울특별시교육청 남산도서관,용산구,2.0,#나들이#남산도서관#데이트코스#도심여행#문화시설#아이와함께#연인과함께
백범김구기념관,용산구,2.0,#3·1운동_100주년_여행지추천#기념관#나들이#도심여행#드라이브여행
서울특별시교육청 용산도서관,용산구,2.0,#도서관#독서교육#문화시설#아이와 함께#용산
서울특별시교육청 송파도서관,송파구,2.0,#도서관#독서여행#문화시설#송파구#힐링
전쟁기념관,용산구,2.0,#가족여행#교과서속여행#도심여행#문화시설#미세먼지_피하는_실내여행
서초구립반포도서관,서초구,2.0,#도서관#독서여행#문화시설#문화행사#서초구립반포도서관#수도권
서울특별시교육청 양천도서관,양천구,2.0,#도서관#문화시설#서울특별시교육청양천도서관#수도권
양천구 갈산도서관,양천구,2.0,#남녀노소#독서여행#문화시설#복합문화공간#아이와함께#열린문화공간
신월음악도서관,양천구,2.0,#독서여행#문화시설#문화프로그램#복합문화공간#복합문화시설#아이와함께
양천구 영어특성화도서관,양천구,2.0,#문화시설
서울도서관,중구,2.0,#데이트코스#도서관#문화시설#사계절#서울도서관#수도권#아이와함께
안중근의사기념관,중구,2.0,#3·1운동_100주년_여행지추천#기념관#단체관람#무료관람#문화시설
중랑구립정보도서관,중랑구,2.0,#데이트코스#도서관#문화시설#수도권#실내여행지#아이와함께#연인과함께
중랑구립면목정보도서관,중랑구,2.0,#도서관#문화시설#아이와함께#중랑구립면목정보도서관
삼성미술관 리움,용산구,2.0,#가족여행#단체관람#당일치기여행#문화시설#미세먼지_피하는_실내여행
케이스타일허브(K-Style Hub),중구,2.0,#VR체험#가족여행#관광안내#먹거리#문화시설#문화콘텐츠산업#수도권
세종이야기,종로구,2.0,#교과서속여행#도심여행#문화시설#미세먼지_피하는_실내여행#세종대왕
국립국악박물관,서초구,2.0,#국립국악박물관#문화시설#박물관#수도권#아이와함께#이색체험#전시관
국립공원 산악박물관,도봉구,2.0,#국립공원#문화시설#산악박물관#아이와 함께#힐링
국립중앙박물관 어린이박물관,용산구,2.0,#겨울방학가볼만한곳#국립중앙박물관#국립중앙박물관어린이박물관#도심여행
한성백제박물관,송파구,2.0,#가족여행#교과서속여행#당일치기여행#문화시설#박물관#사계절#아이와함께
서울시립 북서울미술관,노원구,2.0,#교육여행#교육프로그램#데이트코스#문화공간#문화시설#복합문화공간
서울 그레뱅 뮤지엄,중구,2.0,#그레뱅뮤지엄#기념품판매#데이트코스#문화시설#수도권#아이와함께
우표박물관 (구.우표문화누리),중구,2.0,#가족과함께#겨울방학가볼만한곳#남녀노소#문화시설#미세먼지_피하는_실내여행
서울시립미술관(서소문본관),중구,2.0,#데이트코스#문화시설#미세먼지_피하는_실내여행#미술관#서소문본관
손기정기념관,중구,2.0,#교과서속여행#근대문화유산#기념관#문화시설#사계절#손기정기념관
서울남산국악당,중구,2.0,#문화시설#복합문화공간#상설공연#서울남산국악당#열린문화공간#예술
서울특별시교육청 종로도서관,종로구,2.0,#문화시설
공평도시유적전시관,종로구,2.0,#VR체험#무더위_피해_실내여행#문화시설#미세먼지_피하는_실내여행
돈의문박물관마을,종로구,2.0,#감성사진#남녀노소#문화시설#부모님과함께#사진찍기좋은곳#사진촬영
국립어린이과학관,종로구,2.0,#과학관#국립어린이과학관#나들이#문화시설#수도권#실내여행지#아이와함께
서울역사박물관,종로구,2.0,#가족여행#교과서속여행#단체관람#도심여행#문화시설#박물관#서울역사박물관
구로아트밸리 예술극장,구로구,2.0,#구로아트밸리#구로아트밸리예술극장#문화시설#문화예술공간#미세먼지_피하는_실내여행
금호미술관,종로구,2.0,#금호미술관#데이트코스#문화시설#미술관#수도권#아이와함께#연인과함께
서울메트로미술관,종로구,2.0,#걷기여행#데이트코스#무료관람#문화시설#미술관#서울메트로미술관
광화문아트홀,종로구,2.0,#가족과함께#공연장#기획공연#문화공간#문화시설#문화예술#복합문화공간
세화미술관,종로구,2.0,#문화시설#문화예술#세화미술관#실내데이트#친구와 함께
아르코미술관,종로구,2.0,#가족여행#나들이#데이트코스#도심여행#문화시설#미술관#아르코미술관
경찰박물관,종로구,2.0,#경찰박물관#도심여행#무더위_피해_실내여행#문화시설#박물관#아이가_좋아하는_여행
청계천박물관,성동구,2.0,#걷기여행#도심여행#문화시설#박물관#실내여행지#아이와함께#청계천박물관
충무공 이야기,종로구,2.0,#겨울방학가볼만한곳#교과서속여행#기념관#도심여행#문화시설#아이와함께
서울돈화문국악당,종로구,2.0,#공연장#국악공연#남녀노소#문화공간#문화시설#복합문화공간#열린문화공간
서울특별시교육청 정독도서관,종로구,2.0,#나홀로여행#도서관#도심여행#문화시설#정독도서관#친구와함께
서울특별시교육청 고척도서관,구로구,2.0,#고척도서관#독서교육#문화시설#서울특별시교육청#열린문화공간
서울특별시교육청 구로도서관,구로구,2.0,#구로도서관#독서공간#문화시설#친구와 함께
서울특별시교육청 어린이도서관,종로구,2.0,#문화시설
한양도성박물관,종로구,2.0,#기념관#문화시설#박물관#수도권#아이와함께#여름방학가볼만한곳
장난감나라 오류점,구로구,2.0,#놀이시설#대여점#문화시설#실내놀이터#아이와함께#어린이날가볼만하곳
갤러리 구루지,구로구,2.0,#기획전시#문화공간#문화시설#문화예술공간#복합문화공간#열린문화공간
헬로우뮤지움,성동구,2.0,#교육여행#교육체험#문화공간#문화시설#복합문화공간#아이와함께
강동청소년회관,강동구,2.0,#강동청소년회관#레포츠#문화시설#수도권
북촌문화센터,종로구,2.0,#가족여행#문화시설#북촌문화센터#서울여행
짚풀생활사박물관,종로구,2.0,#가족과함께#공예품#문화시설#박물관#아이와함께#전통공예#짚공예
식민지역사박물관,용산구,2.0,#문화시설
유금와당박물관,종로구,2.0,#교육#기와지붕#남녀노소#문화시설#박물관#복합문화공간#수도권
아라리오뮤지엄 인 스페이스,종로구,2.0,#문화공간#문화시설#문화예술#문화예술공간#미술품#복합문화공간
배재학당역사박물관,중구,2.0,#교육여행#문화시설#배재학당역사박물관#아이와 함께#역사교육#체험학습
동림매듭박물관,종로구,2.0,#가족체험#공예#문화시설#박물관#수공예#아이와함께#연인과함께
김달진미술자료박물관,종로구,2.0,#남녀노소#문화시설#문화예술#문화예술공간#문화예술활동#미술품
북촌생활사박물관,종로구,2.0,#근현대사#문화시설#생활용품#역사공부#역사관광지#역사를품은곳
삼성출판박물관,종로구,2.0,#문화시설
가회민화박물관,종로구,2.0,#가족여행#문화시설#박물관#서울시#아이와함께#전통문화#종로구
서울대학교병원 의학박물관,종로구,2.0,#문화시설
충무아트센터,중구,2.0,#문화시설#수도권#아이와함께#연인과함께#예술#음악회#전시관#충무아트센터
서울국가무형문화재전수회관,강남구,2.0,#문화시설
다보성 갤러리,종로구,2.0,#문화시설
서울대학교 치의학박물관,종로구,2.0,#교과서속여행#문화시설#박물관#서울대학교치의학박물관#수도권#실내여행지
성균관대학교 박물관,종로구,2.0,#무료관람#문화시설#박물관#성균관대학교박물관#수도권#실내여행지
갤러리정,종로구,2.0,#갤러리정#문화공간#문화시설#문화예술#문화예술공간#미술작품#복합문화공간
갤러리도올,종로구,2.0,#문화시설
창덕궁 소극장,종로구,2.0,#데이트#문화공간#문화시설#복합문화공간#소극장#연극#연극단#열린문화공간
일본공보문화원,종로구,2.0,#남녀노소#문화강좌#문화공간#문화교실#문화시설#문화예술#문화예술공간
아라리오 갤러리(서울),종로구,2.0,#문화시설
갤러리 스케이프,종로구,2.0,#문화공간#문화시설#문화예술#미술품#복합문화공간#열린문화공간
소극장 혜화당,종로구,2.0,#문화공간#문화시설#문화예술#복합문화공간#소극장#연극#연극단
코엑스 아쿠아리움,강남구,2.0,#데이트코스#문화시설#미세먼지_피하는_실내여행#실내관광지#실내여행지
서울대학교 박물관,관악구,2.0,#무료관람#문화시설#박물관#서울대학교박물관#수도권#실내여행지
매헌 윤봉길의사 기념관,서초구,2.0,#교과서속여행#기념관#매헌윤봉길의사기념관#문화시설#미세먼지_피하는_실내여행
동대문문화원,동대문구,2.0,#문화시설
스타일 큐브 잔다리,마포구,2.0,#갤러리#마포구#문화시설#문화예술#복합문화공간#서울시#친구와함께
63아트,영등포구,2.0,#63아트#경치좋은곳#문화공간#문화시설#문화예술#미술관#미술작품
갤러리JJ,강남구,2.0,#문화시설#문화예술#문화예술공간#문화예술활동#복합문화공간#연인과함께
서강대박물관,마포구,2.0,#문화시설
노원문화예술회관,노원구,2.0,#노원구#무장애#문화공간#문화시설#문화예술#문화예술공간#복합문화공간
우리금융아트홀,송파구,2.0,#데이트코스#문화공간#문화시설#문화행사#복합문화공간#사계절#상설공연
심산기념문화센터,서초구,2.0,#도심여행#문화시설#문화행사#사계절#심산기념문화센터#아이와함께
자하미술관,종로구,2.0,#나홀로여행#도심여행#문화시설#미술관#예술#자하미술관#주말추천여행지
경희대학교 중앙박물관,동대문구,2.0,#경희대학교박물관#무료관람#문화시설#박물관#수도권#실내여행지
동산방화랑,종로구,2.0,#나들이#데이트코스#동산방화랑#문화시설#미술관#수도권#실내여행지
조선일보미술관,중구,2.0,#나들이#데이트코스#드라이브여행#문화시설#미술관#수도권#실내여행지
코엑스아티움,강남구,2.0,#도심여행#문화시설#문화행사#복합문화공간#상설공연#코엑스아티움
예술의전당 한가람미술관,서초구,2.0,#나들이#데이트코스#문화시설#미술관#수도권#아이와함께#연인과함께
가나아트센터,종로구,2.0,#가나아트갤러리#가나아트센터#데이트코스#드라이브여행#문화시설
갤러리미,강남구,2.0,#갤러리미#나들이#데이트코스#문화시설#미술관#수도권#실내여행지
고려대학교박물관,성북구,2.0,#고려대학교박물관#무료관람#문화시설#박물관#수도권#실내여행지
성신여자대학교박물관,성북구,2.0,#무료관람#문화시설#박물관#성신여자대학교박물관#수도권#실내여행지
세종문화회관,종로구,2.0,#가족여행#공연장#나들이#데이트코스#문화시설#세종문화회관#수도권
한국잡지정보관,영등포구,2.0,#나홀로여행#문화시설#박물관#수도권#아이와함께#이색체험#전시관
한국의집,중구,2.0,#가족여행#공연장#나들이#데이트코스#문화시설#아이와함께#연인과함께
두산아트센터,종로구,2.0,#가족여행#공연장#나들이#데이트코스#두산아트센터#문화시설#수도권
아트리움,영등포구,2.0,#도심여행#문화시설#문화행사#사계절#상설공연#실내여행지#아트리움
금나래아트홀,금천구,2.0,#가족과함께#금나래아트홀#도심여행#문화시설#아이와함께#예술
꿈의숲 아트센터,강북구,2.0,#가족여행#공연장#꿈의숲아트센터#나들이#데이트코스#도심여행#문화시설
세종대왕기념관,동대문구,2.0,#기념관#문화시설#세종대왕기념관#수도권#실내여행지#아이와함께
금천예술공장,금천구,2.0,#공연#금천예술공장#도시재생#문화시설#문화콘텐츠산업#복합문화공간
SJ쿤스트할레 [문화공간],강남구,2.0,#SJ쿤스트할레#도심여행#문화시설#복합문화공간#예술#전시관
서울시립대학교박물관,동대문구,2.0,#무료관람#문화시설#박물관#서울시립대학교박물관#수도권#실내여행지
서울놀이마당,송파구,2.0,#가족여행#공연장#나들이#데이트코스#문화시설#서울놀이마당#수도권
유니버설아트센터,광진구,2.0,#가족여행#공연장#관광지#나들이#데이트코스#문화시설#수도권#실내여행지
갤러리 현대,종로구,2.0,#갤러리현대#나들이#데이트코스#문화시설#미술관#수도권#실내여행지
숙명여자대학교 박물관,용산구,2.0,#문화시설#박물관#수도권#숙명여자대학교박물관#실내여행지#아이와함께
명보아트홀,중구,2.0,#도심여행#명보아트홀#문화시설#복합문화공간#상설공연#예술
숭실대학교 한국기독교박물관,동작구,2.0,#문화시설#박물관#수도권#숭실대학교#숭실대학교한국기독교박물관
CTS아트홀,동작구,2.0,#CTS아트홀#가족여행#도심여행#문화시설#상설공연#아이와함께#예술
양천문화회관,양천구,2.0,#가족여행#문화시설#상설공연#서울도심여행#아이와함께#양천문화회관
상상톡톡 미술관,강북구,2.0,#겨울방학가볼만한곳#도심여행#문화시설#미술관#북서울꿈의숲#상상톡톡미술관
서울올림픽기념관,송파구,2.0,#가족여행#나들이#데이트코스#도심여행#문화시설#서울올림픽기념관
마포아트센터,마포구,2.0,#가족체험여행#마포아트센터#문화시설#상설공연#실내여행지#아이와함께
예림당아트홀,강남구,2.0,#나홀로여행#도심여행#문화시설#상설공연#예림당아트홀#예술#친구와함께
서울 트릭아이미술관,마포구,2.0,#도심여행#문화시설#미술관#사진찍기#사진찍기좋은곳#서울트릭아이미술관
양천구 역사홍보관,양천구,2.0,#과거#남녀노소#문화시설#아이와가볼만한곳#아이와함께#양천구#역사공부
한국문화의집,강남구,2.0,#문화시설#아이와함께#전통&역사문화체험#체험학습#친구와함께#한국문화의집
화정박물관,종로구,2.0,#가족과함께#근대문화유산#문화시설#문화예술공간#복합문화#역사문화재
갤러리 엠,강남구,2.0,#문화시설#문화예술#미술관#복합문화공간#열린문화공간#예술품#전시
포스트극장,마포구,2.0,#극장#무용단#문화공간#문화시설#복합문화공간#열린문화공간#현대무용
명인박물관,종로구,2.0,#고미술품#문화시설#미술품#박물관#전시#전통공예#전통예술#탈박물관
청화랑,강남구,2.0,#문화공간#문화시설#문화예술#미술인#미술품#열린문화공간#전시
육군사관학교 육군박물관.기념관,노원구,2.0,#문화시설#아이와 함께#육군기념관#육군박물관#육군사관학교
극단 대학로극장,종로구,2.0,#극장#대학로#대학로극장#데이트#문화공간#문화시설#복합문화공간
1m아트홀,종로구,2.0,#문화공간#문화시설#문화예술#복합문화공간#아이와함께#열린문화공간
모던화랑,종로구,2.0,#고미술품#문화시설#문화예술#문화예술공간#미술품#예술공간#전시
제이플아트,서초구,2.0,#문화시설#작품#전시#전시품#창작품#판화#포스터
다도화랑,강남구,2.0,#문화공간#문화시설#문화예술#미술품#열린문화공간#예술품#전시
선화랑,종로구,2.0,#문화공간#문화시설#문화예술#복합문화공간#열린문화공간#예술공간
조형갤러리,종로구,2.0,#갤러리#문화공간#문화시설#문화예술공간#복합문화공간#열린문화공간
영동 예맥화랑,강남구,2.0,#도심여행#문화시설#사계절#실내여행지#예맥화랑#예술#전시회
건국대학교박물관,광진구,2.0,#건국대학교박물관#문화시설#박물관#역사#전통
가람화랑,종로구,2.0,#근대미술#문화공간#문화시설#복합문화공간#열린문화공간#예술품
백송갤러리,종로구,2.0,#고미술품#문화공간#문화시설#복합문화공간#열린문화공간#예술품
노화랑,종로구,2.0,#문화공간#문화시설#문화예술#복합문화공간#열린문화공간#예술품
세종호텔 세종갤러리,중구,2.0,#문화시설#문화예술공간#세종갤러리#세종호텔
갤러리 우림,종로구,2.0,#문화공간#문화시설#문화예술#복합문화공간#열린문화공간#예술품
표갤러리,용산구,2.0,#문화공간#문화시설#예술공간#표갤러리
롤링홀,마포구,2.0,#공연#문화공간#문화시설#복합문화공간#열린문화공간#예술인#홍대데이트
학고재,종로구,2.0,#문화시설#수도권#전시#학고재
박영덕화랑,강남구,2.0,#문화시설#박영덕화랑#수도권#전시
갤러리 인데코,강남구,2.0,#갤러리인데코#문화공간#문화시설#예술공간
갤러리 피치,강남구,2.0,#갤러리피치#문화공간#문화시설#예술공간
aA 디자인 뮤지엄,마포구,2.0,#aA디자인뮤지엄#가구전시#문화시설#문화예술공간#쇼룸#전시관
나화랑,종로구,2.0,#문화공간#문화시설#문화예술#미술품#복합문화공간#열린문화공간
한원미술관,서초구,2.0,#문화공간#문화시설#문화예술#미술품#복합문화공간#열린문화공간
긱 라이브하우스,마포구,2.0,#긱라이브하우스#라이브클럽#문화시설#서울여행
아트센터 K,종로구,2.0,#공연#문화공간#문화시설#문화예술#복합문화공간#연극#연극단#연인과함께
이목화랑,종로구,2.0,#문화시설#문화예술#미술품#복합문화공간#열린문화공간#전시#전시작품
예화랑,강남구,2.0,#문화시설#문화예술공간#연인과 함께#예화랑#친구와 함께
암사어린이극장,강동구,2.0,#나들이#문화시설#아이와 함께#암사어린이극장#어린이극장
서울 아이스뮤지엄,마포구,2.0,#가족과함께#남녀노소#문화시설#사진찍기좋은곳#사진촬영명소#아이와함께
사가정공원,중랑구,2.0,#걷기길#관광지#나들이#문화시설#사가정공원#산책길#산책하기#산책하기좋은곳
간송미술관(서울 보화각),중구,2.0,#가족과함께#문화공간#문화시설#문화예술#문화예술공간#복합문화공간
천호공원,강동구,2.0,#공원#관광지#근린공원#문화시설#산책길#산책코스#산책하기#산책하기좋은곳
아트 스페이스 풀,종로구,2.0,#문화시설#미술관#아트스페이스풀#전시관#친구와 함께
갤러리 미즈,종로구,2.0,#갤러리미즈#문화시설#미술관#실내데이트#전시관
래미안 갤러리,송파구,2.0,#건축여행#데이트코스#래미안갤러리#문화공간#문화시설#복합문화공간
서울천년타임캡슐광장,중구,2.0,#문화시설#산책길#산책하기#산책하기좋은곳#서울근교여행#서울새천년타임캡슐
광나루안전체험관,광진구,2.0,#광나루안전체험관#문화시설#사계절#수도권#아이와함께#이색체험
두산갤러리,종로구,2.0,#기획전시#나홀로여행#두산갤러리#문화공간#문화시설#문화예술#미술관
조수정 한지그림 갤러리,강남구,2.0,#데이트코스#문화시설#미술관#사계절#수도권#아이와함께#연인과함께
팔레 드 서울,종로구,2.0,#나홀로여행#데이트코스#문화공간#문화시설#복합문화공간#사계절
이화웰컴센터,서대문구,2.0,#문화시설#복합문화공간#사계절#수도권#여름방학가볼만한곳#열린문화공간
서울 홍대 러브뮤지엄,마포구,2.0,#남녀노소#데이트장소추천#문화공간#문화시설#복합문화공간#사진찍기
서울에너지드림센터,마포구,2.0,#가족체험여행#교육여행#교육프로그램#단체관광#문화시설#미세먼지_피하는_실내여행
박물관은 살아있다(인사동점),종로구,2.0,#데이트코스#도심여행#문화시설#박물관은살아있다#사계절#사진찍기
세계골프역사박물관,강남구,2.0,#나홀로여행#문화시설#뮤지엄&미술관#사계절#세계골프역사박물관
마리아칼라스홀,강남구,2.0,#데이트코스#도심여행#마리아칼라스홀#문화공간#문화시설#복합문화공간
서울상상나라,광진구,2.0,#문화시설#사계절#서울상상나라#아이와함께#여름방학가볼만한곳#이색체험
피규어뮤지엄W,강남구,2.0,#가족과함께#남녀노소#문화시설#아이가_좋아하는_여행#아이와함께
한국종합무역센터(코엑스),강남구,2.0,#가족여행#데이트코스#도심여행#먹거리#문화시설#복합문화공간#수도권
더페이지갤러리,성동구,2.0,#남녀노소#문화공간#문화시설#문화예술공간#문화예술창작공간#미술
코리아나 화장박물관,강남구,2.0,#교육프로그램#남녀노소#문화시설#박물관#수도권#연인과함께#이색전시
보나장신구박물관,종로구,2.0,#가족과함께#공예품#관광지#머리장식#문화공간#문화시설#박물관
서울약령시 한의약박물관,동대문구,2.0,#가족과함께#건강여행#남녀노소#문화시설#한방약#한방약초#한방의료
숙명여자대학교 정영양자수박물관(서울),용산구,2.0,#문화시설#박물관#수도권#숙명여자대학교#역사속으로#역사이야기
갤러리조은,용산구,2.0,#갤러리#문화공간#문화시설#문화예술#문화예술공간#문화예술활동
우리옛돌박물관,성북구,2.0,#가족과함께#문화시설#박물관#수도권#아이와함께#야외전시#역사속으로
백악미술관,종로구,2.0,#관광지#문화시설
북촌박물관,종로구,2.0,#가족과함께#고미술품#공예품#문화시설#박물관#북촌#서울시#아이와함께
송파여성문화회관,송파구,2.0,#무장애#문화공간#문화시설#복합문화공간#서울시#송파구#여성문화
송아트갤러리,서초구,2.0,#도심여행#문화시설#문화예술#문화예술활동#미술관#복합문화공간
갤러리위,강남구,2.0,#남녀노소#문화공간#문화시설#문화예술#문화예술공간#문화예술활동
흰물결아트센터,서초구,2.0,#공연장#남녀노소#문화공간#문화시설#복합문화공간#연인과함께#열린문화공간
aT센터(에이티센터),서초구,2.0,#at센터#남녀노소#문화공간#문화시설#복합문화공간#에이티센터#열린문화공간
서울무역전시컨벤션센터(SETEC),강남구,2.0,#setec#남녀노소#문화공간#문화시설#복합문화공간#서울무역전시컨벤션센터
이리자 한복전시관,종로구,2.0,#교과서속으로#문화시설#수도권#실내여행지#아이와함께#예술#이리자한복전시관
홍대 비보이 전용극장,마포구,2.0,#공연관람#문화공간#문화공연#문화시설#복합문화공간#상설공연#연인과함께
갤러리3안,종로구,2.0,#갤러리3안#나홀로여행#도심여행#문화시설#문화예술공간#문화예술활동
경기여고 경운박물관(서울),강남구,2.0,#문화시설#복합문화공간#산청세계전통의약엑스포#아이와함께#역사공부
우석뮤지엄,서대문구,2.0,#기획전시#문화시설#문화예술#문화예술활동#예술공간#예술창작#예술프로그램
탄허기념박물관,강남구,2.0,#가족과함께#교육여행#교육프로그램#남녀노소#문화시설#불교#불교문화
서울아트센터 공평갤러리,종로구,2.0,#공평갤러리#도심여행#문화시설#문화예술#미술관#복합문화공간#서울아트센터
백암아트홀,강남구,2.0,#공연관람#기획공연#나홀로여행#남녀노소#도심여행#문화공간#문화시설
KT&G 상상마당(홍대),마포구,2.0,#KT&G상상마당#나홀로여행#도심여행#문화시설#문화예술#복합문화공간
주한중국문화원,종로구,2.0,#문화시설#복합문화공간#열린문화공간#주한중국문화원
유즈패밀리,종로구,2.0,#가족과함께#근대한옥#문화시설#문화체험#수도권#아이와함께#유즈패밀리
이스탄불문화원,강남구,2.0,#문화시설#문화적교류#이스탄불문화원#터키
국기원(세계태권도본부),강남구,2.0,#공연/전시#남녀노소#문화시설#전시공연#전통&역사#전통무예#전통문화공연
포니정홀,강남구,2.0,#공연#남녀노소#문화공간#문화시설#문화예술#복합문화공간#수도권
명동난타극장,중구,2.0,#가족여행#공연장#기획공연#남녀노소#명동난타극장#문화시설#문화예술
샘터화랑,서초구,2.0,#남녀노소#문화공간#문화시설#문화예술#문화예술공간#미술작품#복합문화공간
김리아 갤러리,강남구,2.0,#남녀노소#문화공간#문화시설#문화예술#문화예술공간#미술작품#복합문화공간
갤러리 M,종로구,2.0,#남녀노소#문화공간#문화시설#문화예술#문화예술공간#미술작품#복합문화공간
본화랑,종로구,2.0,#문화공간#문화시설#문화예술#문화예술공간#미술인#미술작품#복합문화공간
호림아트센터(호림박물관 신사분관),강남구,2.0,#나홀로여행#남녀노소#문화공간#문화시설#문화예술#문화예술공간
학전블루 소극장,종로구,2.0,#기획공연#남녀노소#문화시설#소극장#연인과함께#이색체험#종로가볼만한곳
쉼박물관,종로구,2.0,#기획전시#문화공간#문화시설#박물관#복합문화공간#상설전시#소장품
겸재정선미술관,강서구,2.0,#겨울방학가볼만한곳#겸재정선미술관#당일치기여행#문화시설#문화예술
씽크씽크미술관,강남구,2.0,#겨울방학가볼만한곳#당일치기여행#문화시설#문화예술#미술관#씽크씽크미술관
아프리카미술관,종로구,2.0,#남녀노소#문화시설#문화예술#미세먼지_피하는_실내여행#복합문화공간
윤스칼라,마포구,2.0,#남녀노소#드라마#문화시설#상설전시#수도권#연인과함께#윤스칼라
청원산방,종로구,2.0,#가족과함께#공연/전시#공예체험#공예품#문화공간#문화시설#아이와함께
신촌문화발전소,서대문구,2.0,#가족과함께#공연장#문화시설#문화예술활동#복합문화#복합문화공간
오동근린공원,강북구,2.0,#관광지#근린공원#문화시설#산책길#산책코스#산책하기#산책하기좋은곳
선농단역사문화관(서울),동대문구,2.0,#문화시설#서울#선농단역사문화관#아이와 함께#전통&역사문화체험
양천나눔누리센터,양천구,2.0,#관광지#남녀노소#문화시설#문화프로그램#복합문화공간#복합문화시설
블루스퀘어,용산구,2.0,#데이트코스#문화시설#문화행사#블루스퀘어#사계절#상설공연#수도권
밀알미술관,강남구,2.0,#남녀노소#데이트코스#도심여행#무더위_피해_실내여행#문화시설#미술관
한미사진미술관,송파구,2.0,#당일치기여행#데이트코스#도심여행#문화공간#문화시설#미술관#미술작품
푸드뱅크마켓 신월점&50스타트센터,양천구,2.0,#문화복지향상#문화시설#복합문화공간#복합문화시설#상담#열린문화공간
파리공원,양천구,2.0,#걷기길#관광지#나들이#문화시설#서울도심여행#아이와함께#연인과함께
롯데월드 아쿠아리움,송파구,2.0,#가족과함께#롯데월드#롯데월드아쿠아리움#문화시설#미세먼지_피하는_실내여행
종이나라박물관,중구,2.0,#나들이#단체관람#도심여행#문화시설#박물관#실내여행지#아이와함께
갤러리 S.P,강남구,2.0,#도자기#문화공간#문화시설#복합문화공간#열린문화공간#조각#조각품
주한영국문화원,중구,2.0,#다문화#문화시설#문화행사#수도권#주한영국문화원#체험학습
삼청각,성북구,2.0,#가족여행#문화시설#사계절#삼청각#수도권#아이와함께#이색체험
주한독일문화원,용산구,2.0,#교과서속여행#문화시설#문화행사#사계절#수도권#실내여행지#아이와함께
주한이탈리아문화원,용산구,2.0,#교과서속여행#도서관#문화시설#문화행사#사계절#수도권#실내여행지
동작문화원,동작구,2.0,#공연장#교과서속여행#동작문화원#문화시설#수도권#아이와함께#연인과함께
금천문화원,금천구,2.0,#금천문화원#문화시설#복합문화공간#열린문화공간
관악문화원,관악구,2.0,#관악문화원#문화강좌#문화시설#복합문화공간#열린문화공간
강동문화원,강동구,2.0,#강동문화원#문화강좌#문화시설#복합문화공간#열린문화공간
마포문화원,마포구,2.0,#마포문화원#문화시설#복합문화공간#열린문화공간#친구와 함께
양천문화원,양천구,2.0,#문화강좌#문화시설#복합문화공간#양천문화원#열린문화공간
샤롯데씨어터,송파구,2.0,#가족여행#데이트코스#도심여행#문화시설#사계절#상설공연#샤롯데씨어터
라트어린이극장,강남구,2.0,#나들이#도심여행#라트어린이극장#문화시설#아이와함께#어린이날가볼만한곳
강북문화원,강북구,2.0,#강북문화원#문화시설
(주) 교보문고,종로구,2.0,#관광지#교보문고#도서관#도심여행#문화시설#문화행사#사계절#수도권
이화여대 자연사박물관,서대문구,2.0,#관광지#교과서속여행#문화시설#박물관#수도권#아이와함께#이화여대자연사박물관
문화일보홀,중구,2.0,#관광지#데이트코스#문화시설#문화일보홀#뮤지컬#상설공연#아이와함께
홍대난타전용관,마포구,2.0,#가족여행#관광지#도심여행#문화시설#문화행사#사계절#수도권#실내여행지
일민미술관,종로구,2.0,#관광지#데이트코스#문화시설#미술관#수도권#아이와함께#연인과함께
예술의전당,서초구,2.0,#가족여행#공연장#관광지#나들이#데이트코스#문화시설#수도권#실내여행지
MoA 서울대학교미술관,관악구,2.0,#가족여행#관광지#문화시설#미술관#서울대학교미술관#수도권#실내여행지
사비나미술관,종로구,2.0,#관광지#기획전시#단체관람#도심여행#문화시설#미술관#사비나미술관
카이스 갤러리,강남구,2.0,#가족여행#관광지#기획전시#나들이#데이트코스#도심여행#문화시설
호림박물관,관악구,2.0,#관광지#나들이#문화시설#박물관#수도권#실내여행지#아이와함께
이화여자대학교박물관,서대문구,2.0,#관광지#무료관람#문화시설#박물관#사계절#수도권#실내여행지#아이와함께
소마미술관,송파구,2.0,#가족여행#관광지#문화시설#미술관#사계절#소마미술관#수도권#예술
몽촌역사관,송파구,2.0,#관광지#도심여행#몽촌역사관#무료관람#문화시설#박물관#수도권
모차르트 콘서트홀,서초구,2.0,#가족여행#관광지#단체관람#도심여행#모차르트콘서트홀#문화시설
영산아트홀,영등포구,2.0,#공연장#관광지#데이트코스#문화시설#상설공연#수도권#아이와함께
아르코예술극장,종로구,2.0,#공연장#관광지#데이트코스#문화시설#상설공연#아르코예술극장#아이와함께
양화진홀 전시관,마포구,2.0,#가족여행#관광지#교과서속여행#근대문화유산#문화시설#사계절#수도권
서울특별시교육청 과학전시관 (남산분관),중구,2.0,#관광지#교과서속여행#문화시설#사계절#서울특별시과학전시관남산분관
국립극장,중구,2.0,#공연장#관광지#국립극장#데이트코스#문화시설#상설공연#아이와함께
동국대학교 박물관,중구,2.0,#관광지#교과서속여행#동국대학교박물관#문화시설#박물관#수도권
허준박물관,강서구,2.0,#관광지#교과서속여행#도심여행#문화시설#박물관#아이와함께#전통&역사문화체험
서울특별시교육청 노원평생학습관,노원구,2.0,#관광지#문화시설
강남문화원,강남구,2.0,#관광지#문화시설
건국대학교 상허기념도서관,광진구,2.0,#관광지#문화시설
한국천주교순교자박물관,마포구,2.0,#관광지#나홀로여행#문화시설#박물관#수도권#실내여행지#이색체험
신문박물관,종로구,2.0,#가족여행#관광지#교과서속여행#도심여행#문화시설#박물관#신문박물관
성북문화원,성북구,2.0,#관광지#무장애#문화시설#문화원#서울시#성북구#전통문화#지역문화
서울강서문화원,강서구,2.0,#강서구#관광지#무장애#문화보존#문화시설#문화원#문화행사#서울시
갤러리 라메르,종로구,2.0,#갤러리라메르#관광지#나홀로여행#데이트코스#도심여행#문화시설
외교사료관,서초구,2.0,#관광지#교과서속여행#문화시설#수도권#아이와함께#외교사료관#이색체험
서울대학교 규장각,관악구,2.0,#관광지#문화시설#서울대학교규장각#수도권#실내여행지#아이와함께
서울특별시교육청 과학전시관,관악구,2.0,#관광지#교과서속여행#문화시설#사계절#서울특별시과학전시관#수도권
한전아트센터 갤러리,서초구,2.0,#관광지#데이트코스#문화시설#미술관#수도권#아이와함께#예술#전시관
박을복자수박물관,강북구,2.0,#관광지#교과서속여행#문화시설#박물관#박을복자수박물관#수도권
더케이아트홀,서초구,2.0,#가족여행#관광지#더케이아트홀#문화시설#문화행사#사계절#상설공연
한국자수박물관,강남구,2.0,#관광지#나들이#문화시설#박물관#수도권#아이와함께#예술#전시관
경희대학교 자연사박물관,동대문구,2.0,#경희대학교자연사박물관#관광지#교과서속여행#문화시설#박물관#수도권
덕성여자대학교박물관,도봉구,2.0,#관광지#교과서속여행#덕성여자대학교박물관#문화시설#박물관#수도권
위니아트(건국대학교 새천년관 대공연장),광진구,2.0,#건국대학교대공연장#공연장#관광지#데이트코스#문화생활#문화시설
중랑문화원,중랑구,2.0,#관광지#문화시설#문화행사#복합문화공간#아이와함께#연인과함께
송파문화원,송파구,2.0,#관광지#문화시설
LG아트센터,강남구,2.0,#LG아트센터#관광지#데이트코스#문화시설#복합문화공간#상설공연
노원문화원,노원구,2.0,#관광지#문화시설
성동문화원,성동구,2.0,#관광지#문화시설
광진문화원,광진구,2.0,#관광지#문화시설
관세박물관,강남구,2.0,#관광지#관세박물관#문화시설#박물관#수도권#아이와함께#이색체험
대학로예술극장,종로구,2.0,#가족여행#관광지#대학로예술극장#데이트코스#문화시설#사계절#상설공연
세라믹 팔레스 홀,강남구,2.0,#가족여행#관광지#도심여행#문화시설#세라믹팔레스홀#실내여행지
갤러리 시몬,종로구,2.0,#갤러리시몬#관광지#데이트코스#문화시설#미술관#수도권#실내여행지
경인미술관,종로구,2.0,#경인미술관#관광지#데이트코스#문화시설#미술관#수도권#아이와함께
전기박물관,서초구,2.0,#관광지#교과서속여행#문화시설#박물관#수도권#아이와함께#전기박물관
포스코미술관,강남구,2.0,#관광지#데이트코스#문화시설#미술관#수도권#아이와함께#연인과함께
이스라엘문화원,서초구,2.0,#관광지#교과서속여행#문화시설#문화행사#사계절#수도권#실내여행지
주한 프랑스문화원,중구,2.0,#관광지#교과서속여행#도서관#문화시설#문화행사#사계절#수도권
한전아트센터 공연장,서초구,2.0,#가족여행#관광지#단체관람#문화시설#아이와함께#연인과함께#예술
나루아트센터,광진구,2.0,#가족여행#관광지#나루아트센터#문화시설#문화행사#복합문화공간
상명대학교 박물관,종로구,2.0,#관광지#교과서속여행#문화시설#박물관#상명대학교박물관#수도권
한양대학교박물관,성동구,2.0,#관광지#교과서속여행#문화시설#박물관#수도권#아이와함께#전시관
아트홀 봄,동작구,2.0,#공연#관광지#문화공간#문화시설#복합문화공간#사계절#수도권#아트홀봄
동덕여자대학교 박물관,성북구,2.0,#관광지#교과서속여행#동덕여자대학교박물관#문화시설#박물관#사계절
풋볼 팬타지움,마포구,2.0,#VR체험#관광지#문화시설#박물관#복합레저스포츠#실내놀이터#아이와함께
롯데월드 민속박물관,송파구,2.0,#관광지#나들이#놀이동산&테마파크#데이트코스#롯데월드#롯데월드민속박물관
롯데월드 가든스테이지,송파구,2.0,#공연장#관광지#나들이#놀이공원&테마파크#데이트코스#롯데월드가든스테이지
서울 중구문화원,중구,2.0,#관광지#문화시설#문화원#문화행사#서울중구문화원#수도권
전쟁과여성인권박물관,마포구,2.0,#관광지#문화시설#박물관#수도권#아이와함께#아픈과거#역사속#역사속으로
토탈미술관,종로구,2.0,#관광지#데이트코스#문화시설#미술관#수도권#아이와함께#연인과함께
대림미술관,종로구,2.0,#관광지#나들이#나홀로여행#대림미술관#문화시설#미술관#연인과함께
축구전시관,종로구,2.0,#관광지#문화시설#박물관#사계절#수도권#실내여행지#아이와함께
마로니에극장,종로구,2.0,#관광지#마로니에극장#문화시설#소극장#수도권#연극
세종대학교박물관,광진구,2.0,#관광지#문화시설
한국예절문화원,마포구,2.0,#관광지#문화시설
몽골 울란바타르 문화진흥원,광진구,2.0,#관광지#문화시설
갤러리 마노,강남구,2.0,#관광지#문화시설
대학로 두레홀 4관,종로구,2.0,#관광지#문화시설
동덕아트갤러리,종로구,2.0,#관광지#문화시설
갤러리 서림,강남구,2.0,#관광지#문화시설
갤러리 한,종로구,2.0,#관광지#문화시설
세계장신구박물관,종로구,2.0,#관광지#문화시설
부엉이박물관,종로구,2.0,#관광지#문화시설
통인가게(통인화랑),종로구,2.0,#관광지#문화시설
하나로갤러리,종로구,2.0,#관광지#문화시설
갤러리 나우,종로구,2.0,#관광지#문화시설
이한열박물관,마포구,2.0,#관광지#문화시설
갤러리 아트사이드,종로구,2.0,#관광지#문화시설
인사미술공간,종로구,2.0,#관광지#문화시설
국가정보원 안보전시관,서초구,2.0,#관광지#문화시설
신한갤러리(광화문),중구,2.0,#관광지#문화시설
청작화랑,강남구,2.0,#관광지#문화시설
모인화랑,종로구,2.0,#관광지#문화시설
UM갤러리,강남구,2.0,#관광지#문화시설
초전섬유ㆍ퀼트박물관,중구,2.0,#관광지#문화시설
창희보석예술관,강남구,2.0,#관광지#문화시설
종로문화원,종로구,2.0,#관광지#문화시설#문화원#수도권#종로문화원
유관순기념관(서울),중구,2.0,#3·1운동_100주년_여행지추천#가족과함께#관광지#기념관#문화시설
성곡미술관,종로구,2.0,#관광지#도심여행#문화시설#미술관#사계절#성곡미술관#실내여행지
어반아트,강남구,2.0,#갤러리#관광지#문화시설#미술관#수도권#어반아트
재활용창작품상설전시관,양천구,2.0,#관광지#문화시설#수도권#재활용#재활용관광지#재활용창작품상설전시관
상원미술관,종로구,2.0,#관광지#도심여행#문화시설#사계절#상원미술관#실내여행지#아이와함께
박여숙화랑,강남구,2.0,#관광지#문화공간#문화시설#문화예술공간#미술관#미술인#복합문화공간
갤러리조선,종로구,2.0,#갤러리#공연/전시#관광지#문화시설#미술가#복합문화공간#열린문화공간
아름다운 차박물관,종로구,2.0,#갤러리#관광지#도자기#문화시설#문화예술공간#열린문화공간#전통차
김현주 갤러리,종로구,2.0,#관광지#문화공간#문화시설#미술관#미술인#복합문화공간#열린문화공간
유 아트 스페이스,강남구,2.0,#관광지#문화공간#문화시설#미술품#상설전시#열린문화공간#전시작품
백해영갤러리,용산구,2.0,#갤러리#관광지#근대문화예술#문화시설#문화예술#문화예술#문화예술공간
아트파크,종로구,2.0,#갤러리#공연/전시#관광지#문화시설#미술관#복합문화공간#열린문화공간
키미아트,종로구,2.0,#가족과함께#관광지#데이트#문화공간#문화시설#미술인#복합문화공간
진화랑,종로구,2.0,#관광지#문화공간#문화시설#복합문화공간#열린문화공간#예술품#전시
갤러리 원,강남구,2.0,#갤러리#관광지#문화공간#문화시설#복합문화공간#열린문화공간#전시
소극장 산울림,마포구,2.0,#공연#관광지#데이트#문화시설#문화예술#소극장#연극#연극단#연인과함께
갤러리 빔,종로구,2.0,#갤러리#관광지#문화공간#문화시설#미술관#복합문화공간#열린문화공간
연우소극장,종로구,2.0,#관광지#문화시설
갤러리에이엠,종로구,2.0,#갤러리#관광지#근대미술#근대미술관#문화공간#문화시설#문화예술
갤러리 뤼미에르,종로구,2.0,#관광지#문화공간#문화시설#문화예술#복합문화공간#열린문화공간
김종영미술관,종로구,2.0,#관광지#문화공간#문화시설#문화예술#미술관#복합문화공간#열린문화공간
갤러리 아트링크,종로구,2.0,#관광지#데이트#문화공간#문화시설#문화예술#복합문화공간#열린문화공간
사루비아다방,종로구,2.0,#공연#관광지#문화공간#문화시설#문화예술#복합문화공간#열린문화공간
몽인아트스페이스,중구,2.0,#관광지#문화공간#문화시설#문화예술#문화예술창작공간#복합문화공간
한벽원미술관,종로구,2.0,#관광지#문화공간#문화시설#문화예술#미술관#복합문화공간#소장품
갤러리 룩스,종로구,2.0,#관광지#문화공간#문화시설#문화예술#미술품#복합문화공간#열린문화공간
갤러리 스클로,중구,2.0,#관광지#문화공간#문화시설#문화예술#복합문화공간#소장품#소장품
알파갤러리,중구,2.0,#고미술품#관광지#문화공간#문화시설#문화예술#미술품#복합문화공간
평강성서유물 박물관,구로구,2.0,#가족과함께#가족체험#관광지#문화시설#박물관#아이와함께#역사
하나아트갤러리,종로구,2.0,#갤러리#관광지#문화공간#문화시설#문화예술#복합문화공간#열린문화공간
분재박물관,서초구,2.0,#관광지#문화시설#미세먼지_피하는_실내여행#분재#소나무#숲속#식물박물관
대안공간 루프,마포구,2.0,#공연#공연/전시#관광지#대안공간루프#문화시설#문화예술공간#복합문화공간
고려대학교 아이스링크,성북구,3.0,#고려대학교아이스링크#레포츠#실내스케이트장
고덕사회체육센터(실내수영장),강동구,3.0,#건강#고덕사회체육센터#레포츠#수도권#운동
[북악하늘길 형제봉오름길] 하늘마루~형제봉,성북구,3.0,#레포츠#북악하늘길#성북구#트레킹
[북악하늘길 스카이웨이] 하늘한마당~하늘마루,성북구,3.0,#레포츠#북악하늘길#성북구#트레킹
창동문화체육센터,도봉구,3.0,#교육프로그램#도봉구#레포츠#문화체육시설
강동청소년회관,강동구,3.0,#강동청소년회관#레포츠#문화시설#수도권
경의선숲길(연트럴파크),마포구,3.0,#데이트명소#도심산책#레포츠#마포구#산책코스#주말여행
양천구 둘레길(도심형),양천구,3.0,#도심공원#도심여행#둘레길#레포츠#산책코스#양천구#휴식공간#휴식하기좋은곳
양천구 둘레길(하천형),양천구,3.0,#둘레길#레포츠#산책하기좋은곳#서울산책#아이와함께#양천구#휴식하기좋은곳
양천구 둘레길(산림형),양천구,3.0,#남녀노소#둘레길#레포츠#산책하기좋은곳#서울산책#양천구#힐링산책
골든블루마리나,서초구,3.0,#골든블루마리나#레포츠#세빛섬#요트체험
올림픽공원 스케이트장,송파구,3.0,#가족과함께#레포츠#스케이트장#연인과함께#올림픽공원#이색체험
서울광장 스케이트장,중구,3.0,#겨울스포츠#레포츠#복합레저스포츠#생활스포츠#서울광장#서울광장스케이트장
올림픽공원 경기장,송파구,3.0,#가족과함께#데이트코스#레포츠#송파구#올림픽공원
뚝섬한강공원,광진구,3.0,#가족과함께#데이트코스#뚝섬한강공원#레포츠#연인과함께
종로구시설관리공단 종로구민회관(실내),종로구,3.0,#구민회관#레포츠#복합문화센터#실내운동#종로구
망원한강공원,마포구,3.0,#레포츠#마포구#망원한강공원#수상스키#수영장#윈드서핑
강동그린웨이 가족캠핑장,강동구,3.0,#가족여행#강동구#레포츠#자연환경#주말여행#캠핑장#힐링여행
문래청소년수련관 수영장(실내),영등포구,3.0,#레포츠#수영장#영등포구#청소년수련관
정립회관 수영센터(실내),광진구,3.0,#광진구#레포츠#수영장#스포츠센터
클라이밍클럽 더탑,송파구,3.0,#레포츠#수도권#클라이밍#클라이밍클럽더탑
서초YMCA 수영장(실내),서초구,3.0,#레포츠
날개클럽,마포구,3.0,#레포츠
그랜드 워커힐 리버파크(야외수영장),광진구,3.0,#레포츠#수영장#실외#연인과함께#워커힐
어린이회관 수영장(실외),광진구,3.0,#레포츠
가디언 클럽바다,강동구,3.0,#레포츠
YMCA 송파 수영장(실내),송파구,3.0,#레포츠
산호수중,동대문구,3.0,#레포츠
해밀톤호텔 수영장(실외),용산구,3.0,#레포츠
서대문문화체육회관 실내수영장,서대문구,3.0,#레포츠
대신샹제리제 휘트니스클럽(실내수영장),강남구,3.0,#레포츠
반트(실내수영장),강남구,3.0,#레포츠
롯데호텔 실내수영장,중구,3.0,#레포츠
용산초등학교 실내수영장,용산구,3.0,#레포츠
역삼청소년수련관(실내수영장),강남구,3.0,#레포츠
서울마리나 요트&클럽,영등포구,3.0,#가족과함께#남녀노소#레포츠#연인과함께#요트체험#이색체험#친구와함께
리버시티,강남구,3.0,#레저스포츠#레포츠#수상스포츠#여름피서지#익스트림스포츠#친구와함께
송강카누학교 서울분교,광진구,3.0,#레포츠#연인과함께#이색체험#체험프로그램#친구와함께#카누체험
장충체육관,중구,3.0,#가족과함께#남녀노소#레포츠#복합문화공간#스포츠센터#실내경기장
서울종합운동장(잠실종합운동장),송파구,3.0,#관광명소#남녀노소#레포츠#서울올림픽#서울종합운동장#실내경기장
한강시민공원 뚝섬수영장(실외),광진구,3.0,#가족과함께#남녀노소#뚝섬#레포츠#물놀이장#수영장#아이가_좋아하는_여행
한강시민공원 광나루수영장(실외),강동구,3.0,#가족과함께#레포츠#아이와함께#여름피서지#친구와함께#한강시민공원
한강시민공원 여의도수영장(실외),영등포구,3.0,#가족과함께#남녀노소#레포츠#아이와함께#여름피서지#여의도#친구와함께
한강시민공원 잠실수영장(실외),송파구,3.0,#가족과함께#레포츠#아이와함께#여름피서지#친구와함께#한강시민공원
한강시민공원 잠원수영장(실외),서초구,3.0,#레포츠#아이와함께#여름피서지#잠원수영장#친구와함께#한강시민공원
"목동운동장(목동아이스링크,사격장)",양천구,3.0,#남녀노소#레포츠#사격장#스케이트장#실내운동#실내체육관
한강시민공원 난지캠핑장,마포구,3.0,#레포츠#마포구#캠핑장#한강시민공원
서울월드컵경기장,마포구,3.0,#레포츠#마포구#실내경기장#월드컵경기장
문래청소년수련관,영등포구,3.0,#레포츠#복합문화시설#영등포구#청소년수련원
목동청소년수련관,양천구,3.0,#교육프로그램#레포츠#양천구#청소년수련원
서울여성플라자,동작구,3.0,#교육프로그램#동작구#레포츠#여성복합문화공간
올림픽유스호스텔,송파구,3.0,#레포츠#송파구#올림픽유스호스텔#청소년수련원
서울특별시립 보라매청소년수련관,동작구,3.0,#교육프로그램#동작구#레포츠#보라매청소년수련관#청소년수련원
서울특별시립수서청소년수련관,강남구,3.0,#강남구#레포츠#수서청소년수련관#청소년수련원
서울청소년수련관,중구,3.0,#교육프로그램#레포츠#서울중구#청소년수련원
강남청소년수련관,강남구,3.0,#강남구#강남청소년수련관#레포츠#청소년수련원
세븐럭카지노(강북힐튼점),중구,3.0,#레포츠#서울중구#세븐럭카지노#이색체험
세븐럭카지노(강남코엑스점),강남구,3.0,#강남구#레포츠#세븐럭카지노#이색체험
파라다이스 카지노 워커힐,광진구,3.0,#광진구#레포츠#이색체험#파라다이스카지노
서울 YMCA 체육교육부,종로구,3.0,#YMCA#레포츠#종로구#체육센터
태평백화점 스포츠센터,동작구,3.0,#교육프로그램#동작구#레포츠#스포츠센터#태평백화점
호텔롯데 휘트니스클럽,중구,3.0,#레포츠#롯데호텔#서울중구#헬스클럽
관악산 자락길,관악구,3.0,#관악구#관악산#레포츠#무장애숲길#산책코스
그랜드워커힐 피트니스센터,광진구,3.0,#광진구#그랜드워커힐#그랜드워커힐피트니스센터#레포츠#피트니스센터
올림픽기념국민생활관,종로구,3.0,#레포츠#문화체육시설#올림픽기념국민생활관#종로구
북한산 자락길,성북구,3.0,#레포츠#산림욕#산책코스#아이와함께#트레킹
여의도 둘레길(여의도 자전거도로),영등포구,3.0,#레포츠#산책코스#수변산책로#여의도#자전거코스
롯데월드 아이스링크(실내),송파구,3.0,#겨울스포츠#레포츠#롯데월드#스케이트장#실내데이트#연인과함께
신림체육센터,관악구,3.0,#레포츠
강서청소년회관,강서구,3.0,#레포츠
관악청소년회관,관악구,3.0,#레포츠
사당청소년문화의집,동작구,3.0,#레포츠
역사문화관광스탬프투어,강북구,3.0,#레포츠
scg스포츠아카데미,은평구,3.0,#scg스포츠아카데미#도심여행#레포츠#사계절#연인과함께#주말추천여행지
관악구민운동장,관악구,3.0,#레포츠
금호스포츠센터,노원구,3.0,#금호스포츠센터#레포츠#수도권#스포츠
KBS스포츠월드,강서구,3.0,#레포츠
코오롱스포렉스(서초점),서초구,3.0,#레포츠
와우라스포짐 광장점,광진구,3.0,#레포츠
스킨/스쿠버 다이빙,송파구,3.0,#레포츠
[북한산 둘레길] 6 평창마을길,종로구,3.0,#경치좋은곳#도심여행#둘레길#레포츠#북한산둘레길#산책로#역사문화체험
[북한산 둘레길] 8 구름정원길,은평구,3.0,#걷기코스#구름정원길#레포츠#북한산둘레길
[북한산 둘레길] 5 명상길,성북구,3.0,#레포츠
[북한산 둘레길] 7 옛성길,종로구,3.0,#레포츠
[북한산 둘레길] 10 내시묘역길,은평구,3.0,#레포츠
[북한산 둘레길] 3 흰구름길,강북구,3.0,#레포츠
[북한산 둘레길] 4 솔샘길,성북구,3.0,#레포츠
[북한산 둘레길] 2 순례길,강북구,3.0,#레포츠
[북한산 둘레길] 1 소나무숲길,강북구,3.0,#레포츠
[서울둘레길 5코스] 관악산코스,관악구,3.0,#레포츠
[서울둘레길 7코스] 봉산·앵봉산코스,강서구,3.0,#레포츠
[서울둘레길 8코스] 북한산코스,은평구,3.0,#레포츠
[서울둘레길 4코스] 대모·우면산코스,강남구,3.0,#레포츠
[서울둘레길 1코스] 수락·불암산코스,도봉구,3.0,#레포츠#서울둘레길#수도권#수락불암산코스
[서울둘레길 3코스] 고덕·일자산코스,광진구,3.0,#레포츠
[서울둘레길 2코스] 용마·아차산코스,노원구,3.0,#레포츠
서울 한양도성(스탬프투어),종로구,3.0,#걷기길#레포츠#서울한양도성#성곽길#수도권#연인과함께
DMC(디지털미디어시티) 자전거코스,마포구,3.0,#DMC자전거코스#디지털미디어시티자전거코스#레포츠#수도권#자전거코스
태릉골프장,노원구,3.0,#레포츠
난지한강공원 MTB코스장,마포구,3.0,#낚시#낚시터#난지한강공원#레포츠#한강
광운대학교 아이스링크,노원구,3.0,#레포츠#스케이트장
한강공원 뚝섬 눈썰매장,광진구,3.0,#레포츠
[북악하늘길 3산책로] 북카페~숲속다리,성북구,3.0,#걷기길#레포츠#부모님과함께#산책로#산책코스#산책하기좋은곳#자연환경
[북악하늘길 1산책로] 북악팔각정~말바위쉼터,성북구,3.0,#레포츠
[북악하늘길 2산책로] 하늘교~성북천발원지,성북구,3.0,#레포츠#산책길#산책로#산책코스#산책하기좋은곳#서울산책#힐링산책
명동사격장,중구,3.0,#레포츠#복합레저스포츠#사격#사격장#스포츠체험#실내데이트#연인과함께
[북한산 둘레길] 9 마실길,은평구,3.0,#등산#등산객#레포츠#산림욕#산책로#산책코스#산책하기좋은곳#자연환경
목동사격장,양천구,3.0,#데이트#레포츠#사격#사격장#실내레포츠#실내운동#연인과함께#커플데이트
코오롱등산학교 실내빙장,강북구,3.0,#레포츠#복합등산레저문화센터#수도권#코오롱등산학교실내빙장
그랜드하얏트 서울 아이스링크,용산구,3.0,#겨울스포츠#레포츠#복합레저스포츠#스케이트#스케이트장#스케이트장
태릉국제스케이트장(실내),노원구,3.0,#겨울스포츠#레포츠#복합레저스포츠#스케이트#스케이트장#실내운동
목동아이스링크(실내),양천구,3.0,#가족과함께#겨울스포츠#레포츠#복합레저스포츠#스케이트#스케이트장
어린이회관 눈썰매장,광진구,3.0,#겨울스포츠#눈썰매장#레포츠#복합레저스포츠#아이와함께#어린이회관 눈썰매장
구로안양천튜빙눈썰매장,구로구,3.0,#가족과함께#가족체험#겨울방학#겨울방학가볼만곳#겨울방학여행#겨울스포츠
안양천 물놀이장,구로구,3.0,#레포츠
명품 구로 올레길,구로구,3.0,#가족과함께#걷기길#걷기좋은곳#레포츠#산책코스#산책하기좋은곳
카카오프렌즈 강남 플래그십 스토어,서초구,4.0,#쇼핑
카카오프렌즈 홍대 플래그십 스토어,마포구,4.0,#쇼핑
남구로시장,구로구,4.0,#가족과함께#남녀노소#먹거리#먹거리여행#먹거리투어#문화공간#복합문화공간
서울 중앙시장,중구,4.0,#쇼핑
롯데쇼핑 롯데아울렛 서울역점[한국관광 품질인증/Korea Quality],용산구,4.0,#롯데아울렛서울역점#서울추천쇼핑#쇼핑#우수쇼핑#한국관광품질인증
서울책보고,송파구,4.0,#쇼핑
라이너노트,마포구,4.0,#쇼핑
고양이책방 슈뢰딩거,종로구,4.0,#쇼핑
신영시장,양천구,4.0,#쇼핑
경창시장,양천구,4.0,#쇼핑
목사랑시장,양천구,4.0,#쇼핑
영천시장,서대문구,4.0,#서대문구#쇼핑#전통시장
아크앤북 (ARC N BOOK),중구,4.0,#쇼핑
스위트스팟,중구,4.0,#뉴트로편집숍#레트로감성#복고풍#쇼핑
갤러리아백화점 명품관,강남구,4.0,#쇼핑
밀리오레 (동대문점),중구,4.0,#관광지#쇼핑
두산타워 (doota),중구,4.0,#쇼핑
황학동 벼룩시장 (도깨비시장 / 만물시장),중구,4.0,#나들이#나홀로여행#데이트코스#도깨비시장#만물시장#벼룩시장#쇼핑
롯데백화점 (에비뉴엘),중구,4.0,#쇼핑
일우사,중구,4.0,#쇼핑
테크노마트 강변점,광진구,4.0,#강변테크노마트#관광지#복합쇼핑몰#쇼핑#수도권
현대 아이파크몰,용산구,4.0,#쇼핑
엔터식스 왕십리역점,성동구,4.0,#쇼핑
눈스퀘어,중구,4.0,#관광지#쇼핑
가든파이브 (Garden5),송파구,4.0,#쇼핑
스파오 (명동점),중구,4.0,#쇼핑
타임스퀘어,영등포구,4.0,#쇼핑
문정동로데오거리,송파구,4.0,#쇼핑
뮈샤,강남구,4.0,#쇼핑
국제자수원 3호점,종로구,4.0,#가족여행#국제자수원#기념품판매#나들이#나홀로여행#데이트코스
경동시장,동대문구,4.0,#가족여행#관광지#나들이#나홀로여행#데이트코스#먹거리#서울경동시장
한국공예관,종로구,4.0,#가족여행#기념품판매#나들이#나홀로여행#데이트코스#쇼핑#수도권
네이처리퍼블릭 (명동월드점),중구,4.0,#쇼핑
KCDF 갤러리숍,종로구,4.0,#쇼핑
통인가게,종로구,4.0,#가족여행#나들이#나홀로여행#데이트코스#쇼핑#수도권#아이와함께
아리랑명품관,종로구,4.0,#가족여행#기념품판매#나들이#나홀로여행#데이트코스#쇼핑#수도권
다비치안경 (명동점),중구,4.0,#쇼핑
굿모닝시티,중구,4.0,#쇼핑
헬로우 에이피엠 (Hello apm),중구,4.0,#쇼핑
에이랜드 (ÅLAND),중구,4.0,#쇼핑
바리엔유 (구 바가지머리),강남구,4.0,#쇼핑
은나무,종로구,4.0,#쇼핑
에뛰드하우스 (명동1호점),중구,4.0,#쇼핑
카포 풋볼 스토어 [한국관광 품질인증/Korea Quality],중구,4.0,#서울추천쇼핑#쇼핑#카포상사#한국관광품질인증#한국관광품질인증업소
가나안경원 (명동2호점),중구,4.0,#가나안경원#쇼핑#수도권#안경점#연중무휴
나이프갤러리,종로구,4.0,#쇼핑
더블유피엠,중구,4.0,#기념주화#쇼핑#우표수집#한정판
궁가는여우,종로구,4.0,#쇼핑
홍대앞 희망시장,마포구,4.0,#문화예술#쇼핑#수공예#수도권#홍대앞희망시장
테테 아 테테 (tete a tete),마포구,4.0,#쇼핑
한복더하기,종로구,4.0,#쇼핑
고궁마실,종로구,4.0,#쇼핑
공방시와저,강동구,4.0,#쇼핑
롯데마트 (서울양평점),영등포구,4.0,#쇼핑
이바돔 (아이파크몰점),용산구,4.0,#쇼핑
삼성모바일스토어 코엑스점,강남구,4.0,#쇼핑
노스비치 (North Beach),용산구,4.0,#노스비치#쇼핑#수도권#연중무휴
해찬송학김,마포구,4.0,#가족여행#기념품판매#사계절#쇼핑#수도권#아이와함께#특산물#해찬송학김
프로젝트루 (Project Rue),강남구,4.0,#쇼핑#수도권#편집샵#프로젝트루
세브도르 (Cep D'or),강남구,4.0,#강남#민속주#쇼핑#와인#위스키#주류
TRAVELIGHT (트래블라이트),중구,4.0,#쇼핑
아이닥안경,중구,4.0,#쇼핑
해밀톤셔츠,용산구,4.0,#쇼핑
슈즈박,용산구,4.0,#쇼핑
힐튼양복점,용산구,4.0,#쇼핑
에덴도자기,용산구,4.0,#쇼핑
테이크어스트릿 (Take a street),마포구,4.0,#쇼핑
아트박스 (영등포점),영등포구,4.0,#쇼핑
떡카페 질시루,종로구,4.0,#떡카페질시루#서울카페#쇼핑#수도권
돌실나이 (인사점),종로구,4.0,#돌실나이#생활한복#쇼핑#수도권
광화문 세종클럽,종로구,4.0,#쇼핑
이새,종로구,4.0,#쇼핑
조이쥬얼리,용산구,4.0,#쇼핑
세라 (이대점),서대문구,4.0,#쇼핑
제이디엑스 (JDX),송파구,4.0,#쇼핑
라바타운,종로구,4.0,#larva#도심여행#라바#서울가볼만한곳#서울여행#쇼핑#수도권#아이와함께
때때롯살롱,종로구,4.0,#때때롯살롱#생활한복#서울가볼만한곳#서울핫플#쇼핑#익선동#한복
더반하우스,중구,4.0,#쇼핑
목동깨비시장,양천구,4.0,#쇼핑
빈폴 (타임스퀘어점),영등포구,4.0,#쇼핑
올리브영 (타임스퀘어신세계점),영등포구,4.0,#쇼핑
인사아트프라자,종로구,4.0,#가족여행#기념품판매#나들이#나홀로여행#데이트코스#먹거리#쇼핑
박영숙요 (아틀리에서울),종로구,4.0,#쇼핑
쉭앤칙 (Chic And Chick),강남구,4.0,#쇼핑
대도종합상가,중구,4.0,#쇼핑
남대문 문구상가,중구,4.0,#쇼핑
누죤패션몰,중구,4.0,#쇼핑
지센(ZISHEN) 롯데마트송파점,송파구,4.0,#쇼핑
K2 (문정점),송파구,4.0,#쇼핑
남대문 본동의류상가,중구,4.0,#본동의류상가#쇼핑#수도권#연중무휴#전통재래시장
코오롱스포츠 (문정직영점),송파구,4.0,#쇼핑
모즈아울렛,송파구,4.0,#쇼핑
남대문 중앙상가,중구,4.0,#쇼핑
아리따움 (이대직영점),서대문구,4.0,#뷰티#쇼핑#수도권#아리따움#연중무휴#화장품
한순례한복침구,강남구,4.0,#쇼핑
스킨푸드 (신촌점),서대문구,4.0,#쇼핑
모이라이 (moirai),서대문구,4.0,#쇼핑
이서윤한복,종로구,4.0,#쇼핑
지아衣갤러리,종로구,4.0,#쇼핑
POOM아트박스 (신촌점),서대문구,4.0,#쇼핑
이니스프리 (이대점),서대문구,4.0,#쇼핑
토니모리 (이대점),서대문구,4.0,#쇼핑
홍대 프리마켓,마포구,4.0,#가족여행#나들이#나홀로여행#데이트코스#먹거리#쇼핑#수도권#시장맛집
정관장 (이대점),서대문구,4.0,#쇼핑
추억을굽는가게 (신촌점),서대문구,4.0,#쇼핑
도로시쥬얼리,마포구,4.0,#쇼핑
쌈지길,종로구,4.0,#관광지#남녀노소#데이트장소추천#복합문화공간#쇼핑#쇼핑거리#수도권
스타필드 코엑스몰,강남구,4.0,#19_20한국관광100선#서울#쇼핑#수도권#수도권#스타필드코엑스몰
영풍문고 종로점,종로구,4.0,#쇼핑
한샘가죽공방,마포구,4.0,#쇼핑
한지추억,종로구,4.0,#쇼핑
아리따움 (명동중앙직영점),중구,4.0,#쇼핑
동양 국악기제작소,서초구,4.0,#쇼핑
까치공방,강남구,4.0,#쇼핑
스토리 (Stori),강서구,4.0,#쇼핑
쟈뎅 드 슈에뜨 (Jardin de chouette),강남구,4.0,#쇼핑
신라면세점(서울점),중구,4.0,#쇼핑
메세나폴리스 몰,마포구,4.0,#쇼핑
고속터미널 꽃도매상가,서초구,4.0,#쇼핑
서울 중부시장,중구,4.0,#가족여행#나들이#나홀로여행#데이트코스#도심여행#먹거리#서울중부시장
서울 약령시장,동대문구,4.0,#가족여행#나들이#나홀로여행#데이트코스#도심여행#먹거리#서울약령시장
현대백화점 (무역센터점),강남구,4.0,#쇼핑
서울풍물시장,동대문구,4.0,#가족여행#나들이#나홀로여행#데이트코스#서울풍물시장#쇼핑#수도권
현대백화점 (압구정본점),강남구,4.0,#쇼핑
동대문 종합시장·동대문 쇼핑타운,종로구,4.0,#쇼핑
파르나스몰,강남구,4.0,#쇼핑
태평백화점,동작구,4.0,#쇼핑
동대문종합시장 한복상가,종로구,4.0,#쇼핑
센트럴시티,서초구,4.0,#쇼핑
커먼그라운드,광진구,4.0,#쇼핑
언더스탠드에비뉴,성동구,4.0,#쇼핑
AK플라자백화점 (구로점),구로구,4.0,#쇼핑
서울 광희시장,중구,4.0,#가족여행#나들이#나홀로여행#데이트코스#도심여행#먹거리#서울광희시장
핫트랙스 (광화문점),종로구,4.0,#쇼핑
핫트랙스 (잠실점),송파구,4.0,#쇼핑
해밀톤 쇼핑센터,용산구,4.0,#쇼핑
SM면세점 (서울점),종로구,4.0,#쇼핑
한국의집 사랑 카페앤아트샵,중구,4.0,#무장애#쇼핑#전통문화#전통문화체험#한식#혼례
고속터미널 의류도매상가,서초구,4.0,#쇼핑
동대문종합시장 악세사리상가,종로구,4.0,#동대문종합시장#동대문종합시장악세사리상가#쇼핑#수도권
KT&G 상상마당 디자인스퀘어,마포구,4.0,#쇼핑
강남고속터미널 혼수상가,서초구,4.0,#강남고속터미널혼수상가#쇼핑#수도권#혼수
롯데면세점 (본점),중구,4.0,#쇼핑
고투몰(강남터미널 지하도상가),서초구,4.0,#쇼핑
양재 하이브랜드,서초구,4.0,#쇼핑
롯데월드 쇼핑몰,송파구,4.0,#쇼핑
통인시장,종로구,4.0,#가족여행#나들이#나홀로여행#데이트코스#먹거리#서울근교여행#쇼핑
브릿지안경[한국관광 품질인증/Korea Quality],강남구,4.0,#브릿지안경#서울추천쇼핑#쇼핑#수도권#안경점#한국관광품질인증
YMC 서울[한국관광 품질인증/Korea Quality],용산구,4.0,#YMC서울#서울추천쇼핑#쇼핑#수도권#한국관광품질인증#한국관광품질인증
세인트제임스 삼청점(SAINT JAMES BOUTIQUE SAMCHEONG)[한국관광 품질인증/Korea Quality],종로구,4.0,#서울추천쇼핑#세인트제임스삼청#쇼핑#한국관광품질인증#한국관광품질인증업소
아트코리아[한국관광 품질인증/Korea Quality],종로구,4.0,#서울추천쇼핑#쇼핑#아트코리아#한국관광품질인증#한국관광품질인증업소
저집 [한국관광 품질인증/Korea Quality],종로구,4.0,#서울추천쇼핑#쇼핑#저집#한국관광품질인증#한국관광품질인증업소
세인트제임스 서울[한국관광 품질인증/Korea Quality],강남구,4.0,#서울추천쇼핑#세인트제임스서울#쇼핑#한국관광품질인증#한국관광품질인증업소
까르띠에 메종,강남구,4.0,#까르띠에#까르띠에메종#쇼핑#수도권#주얼리
투쿨포스쿨 (명동점),중구,4.0,#쇼핑
양재 양곡도매시장,서초구,4.0,#가족여행#나홀로여행#먹거리#서울근교여행#쇼핑#수도권#아이와함께
"예지동 귀금속, 시계골목",종로구,4.0,#쇼핑
남대문인삼시장,중구,4.0,#가족여행#나들이#나홀로여행#남대문인삼시장#데이트코스#도심여행
퇴계로 오토바이상가,중구,4.0,#쇼핑
남대문 종합상가,중구,4.0,#쇼핑
록시땅 (Loccitane),강남구,4.0,#쇼핑
퀸프라자,중구,4.0,#쇼핑
인현시장,중구,4.0,#가족여행#나들이#나홀로여행#데이트코스#먹거리#쇼핑#수도권#시장맛집
삼익패션타운,중구,4.0,#쇼핑
구로 중앙유통단지,구로구,4.0,#쇼핑
라온트래블스토리지,마포구,4.0,#쇼핑
광장시장 한복매장,종로구,4.0,#광장시장#광장시장한복매장#쇼핑#수도권#연중무휴#한복매장
엘본 (ELBON),강남구,4.0,#쇼핑
용산 보광시장,용산구,4.0,#가족여행#사계절#쇼핑#수도권#시장맛집#아이와함께#용산보광시장
H&M (명동1호점),중구,4.0,#쇼핑
꼼데가르송 (Comme des Garcons),용산구,4.0,#쇼핑
지오 송지오(ZIO SONGZIO) 문정점,송파구,4.0,#쇼핑
청자 수입상가,중구,4.0,#쇼핑
장안 악세사리상가,중구,4.0,#쇼핑
논현 가구거리,강남구,4.0,#가구#강남구#나전칠기#논현#쇼핑#인테리어
청담패션거리,강남구,4.0,#관광지#남녀노소#문화예술#복합문화공간#쇼핑#수도권#연인과함께
이태원 쇼핑거리,용산구,4.0,#쇼핑
경일한지백화점,종로구,4.0,#쇼핑
"주식회사 청운에스피(CHEONGUN S.P Co.,Ltd.) [한국관광 품질인증/Korea Quality]",서대문구,4.0,#서울추천쇼핑#쇼핑#주식회사청운에스피#한국관광품질인증#한국관광품질인증업소
콰니 (KWANI),종로구,4.0,#쇼핑
플랫폼 플레이스(한남점) [한국관광 품질인증/Korea Quality],용산구,4.0,#서울추천쇼핑#쇼핑#플랫폼플레이스한남#한국관광품질인증#한국관광품질인증업소
한국다원호간보 [한국관광 품질인증/Korea Quality],마포구,4.0,#서울추천쇼핑#쇼핑#수도권#연중무휴#한국관광품질인증#한국관광품질인증업소
세란안경[한국관광 품질인증/Korea Quality],중구,4.0,#서울추천쇼핑#세란안경#쇼핑#한국관광품질인증#한국관광품질인증업소
한국인삼공사 정관장 명동본점 [한국관광 품질인증/Korea Quality],중구,4.0,#서울추천쇼핑#쇼핑#정관장명동본점#한국관광품질인증#한국관광품질인증업소
청하고려인삼 [한국관광 품질인증/Korea Quality],종로구,4.0,#서울추천쇼핑#쇼핑#청하고려인삼#한국관광품질인증#한국관광품질인증업소
질경이(삼청점) [한국관광 품질인증/Korea Quality],종로구,4.0,#서울추천쇼핑#쇼핑#쇼핑#질경이#한국관광품질인증#한국관광품질인증업소
플랫폼 플레이스(명동점)[한국관광 품질인증/Korea Quality],중구,4.0,#서울추천쇼핑#쇼핑#플랫폼플레이스명동#한국관광품질인증#한국관광품질인증업소
에뛰드하우스 명동충무로점 [한국관광 품질인증/Korea Quality],중구,4.0,#서울추천쇼핑#쇼핑#에뛰드하우스명동충무로#우수쇼핑#한국관광품질인증
동진시장,마포구,4.0,#가족여행#나들이#나홀로여행#데이트코스#동진시장#먹거리#서울근교여행
유어마인드,서대문구,4.0,#쇼핑
동화면세점,종로구,4.0,#쇼핑
남대문시장,중구,4.0,#가족여행#나들이#나홀로여행#남대문시장#데이트코스#도심여행#먹거리
인사동 고미술거리,종로구,4.0,#서울여행#쇼핑#수도권#인사동고미술거리
IFC몰,영등포구,4.0,#IFC몰#복합쇼핑몰#쇼핑#수도권#연중무휴
카카오프렌즈 브랜드스토어,강남구,4.0,#쇼핑
W몰(W-MALL),금천구,4.0,#쇼핑
롯데피트인,중구,4.0,#쇼핑
롯데몰 김포공항,강서구,4.0,#쇼핑
한얼공예,강남구,4.0,#쇼핑
노량진수산물도매시장,동작구,4.0,#가족여행#나들이#나홀로여행#노량진수산물도매시장#도심여행#먹거리
한국관광명품점(인사동),종로구,4.0,#가족여행#기념품판매#나들이#나홀로여행#도심여행#쇼핑#수도권
버버리 뷰티박스,강남구,4.0,#버버리뷰티박스#쇼핑#수도권#액세서리#친구와함께
오르시아,강남구,4.0,#쇼핑
클루 (코엑스점),강남구,4.0,#쇼핑
Copley (카플리),강남구,4.0,#쇼핑
미보 주얼리,종로구,4.0,#쇼핑
마장 축산물시장,성동구,4.0,#가족여행#관광지#마장축산물시장#사계절#쇼핑#수도권#시장맛집
디타워 (replace 광화문),종로구,4.0,#관광지#쇼핑
광장시장,종로구,4.0,#가족여행#관광지#광장시장#나들이#나홀로여행#데이트코스#도심여행
행복한백화점,양천구,4.0,#관광지#쇼핑
신세계백화점 (본점),중구,4.0,#관광지#쇼핑
밀리오레 (명동점),중구,4.0,#관광지#명동밀리오레#복합쇼핑몰#쇼핑#수도권
영풍문고 스타필드코엑스몰점,강남구,4.0,#관광지#쇼핑
용산전자랜드,용산구,4.0,#관광지#쇼핑
충무공사,종로구,4.0,#관광지#쇼핑
신라아이파크면세점,용산구,4.0,#관광지#쇼핑
남대문 메사 (MESA),중구,4.0,#관광지#쇼핑
마리오아울렛,금천구,4.0,#관광지#마리오아울렛#쇼핑#수도권#연인과함께#친구와함께
자라 (영플라자점),중구,4.0,#관광지#쇼핑
금강제화 (강남본점),강남구,4.0,#관광지#쇼핑
맥스타일 (maxtyle),중구,4.0,#관광지#쇼핑
프리스비 (Frisbee) 건대점,광진구,4.0,#관광지#쇼핑
망원시장,마포구,4.0,#가족여행#관광지#나들이#나홀로여행#데이트코스#망원시장#먹거리
화창토산주식회사(한국고려인삼) [한국관광 품질인증/Korea Quality],서대문구,4.0,#서울추천쇼핑#쇼핑#한국고려인삼#한국관광품질인증#한국관광품질인증업소
폴라존(polazone),마포구,4.0,#쇼핑
사당동 가구거리,동작구,4.0,#쇼핑
뱅앤올룹슨 (Bang & Olufsen),강남구,4.0,#쇼핑
가락시장(가락농수산물 도매시장),송파구,4.0,#가락농수산물도매시장#가락시장#가족여행#나들이#나홀로여행#데이트코스
풍월당,강남구,4.0,#쇼핑
조이리치 (JOYRICH),강남구,4.0,#쇼핑
필립플레인,강남구,4.0,#쇼핑
올가홀푸드 방이점,송파구,4.0,#쇼핑
비단빔한복 (종로점),종로구,4.0,#비단빔한복#쇼핑#수도권#연중무휴#한복
승진완구,종로구,4.0,#쇼핑
부르뎅 아동복 (Burdeng),중구,4.0,#쇼핑
TIGI 컨셉 스토어(청담점),강남구,4.0,#쇼핑
북바이북,마포구,4.0,#쇼핑
세운전자상가(세운전자플라자),종로구,4.0,#쇼핑
디아프바인,강남구,4.0,#쇼핑
대림중앙시장,영등포구,4.0,#가족여행#나들이#나홀로여행#대림중앙시장#데이트코스#먹거리#서울근교여행
서울 평화시장,중구,4.0,#가족여행#나들이#나홀로여행#데이트코스#도심여행#먹거리#서울평화시장
중곡동 가구거리,광진구,4.0,#쇼핑#수도권#중곡동가구거리#특화거리
청계 타월상가,중구,4.0,#쇼핑
종로6가 대학천 책방거리,종로구,4.0,#쇼핑
방산 종합시장,중구,4.0,#가족여행#나홀로여행#데이트코스#먹거리#방산종합시장#쇼핑#수도권
동양국악기,강남구,4.0,#쇼핑
낙원 악기상가,종로구,4.0,#낙원악기상가#쇼핑#수도권#아이와함께#악기상가#이색체험#친구와함께
방학동 도깨비시장,도봉구,4.0,#가족여행#방학동도깨비시장#사계절#쇼핑#수도권#시장맛집#아이와함께
후아유 (WHO.A.U) 명동점,중구,4.0,#쇼핑
남대문 액세사리상가,중구,4.0,#쇼핑
서촌나들이,종로구,4.0,#쇼핑
남대문 안경상가,중구,4.0,#쇼핑
견지동 불교용품거리,종로구,4.0,#쇼핑
청계5가 가방도매상가 / 청오가방상가,종로구,4.0,#쇼핑
수퍼노말(SUPERNORMAL),강남구,4.0,#쇼핑
더 비 (The B),강남구,4.0,#쇼핑
페라라 코리아,용산구,4.0,#쇼핑
밀리오레 (신촌점),서대문구,4.0,#쇼핑
우석공예사,종로구,4.0,#기념품#쇼핑#수도권#우석공예사
숭례문(남대문) 수입상가,중구,4.0,#쇼핑
을지로 철제가구거리,중구,4.0,#쇼핑
청계 조명기구상가,중구,4.0,#쇼핑
종로3가 귀금속 전문상가,종로구,4.0,#쇼핑
레스모아 (LesMore) 명동점,중구,4.0,#쇼핑
북촌상회(북촌가게),종로구,4.0,#기념품#북촌가게#북촌상회#쇼핑#수도권
이태원시장,용산구,4.0,#가족여행#사계절#쇼핑#수도권#시장맛집#아이와함께#이태원시장
구로기계공구단지,구로구,4.0,#공구#관광지#산업관광#산업관광지#산업단지#산업용품#상가#쇼핑
국제음식문화거리(INTERNATIONAL FOOD STREET),구로구,4.0,#가족과함께#관광지#맛집#먹거리여행#먹거리타운#먹자골목#문화공간
크래프트 로담,종로구,4.0,#쇼핑
Heynature(헤이네이처) 이대점,서대문구,4.0,#쇼핑
하모니마트(명동점) [한국관광 품질인증/Korea Quality],중구,4.0,#서울추천쇼핑#쇼핑#하모니마트명동#한국관광품질인증#한국관광품질인증업소
미라이안경[한국관광 품질인증/Korea Quality],강남구,4.0,#미라이안경#서울추천쇼핑#쇼핑#한국관광품질인증#한국관광품질인증업소
구로시장,구로구,4.0,#쇼핑
금강제화 (종로지점),종로구,4.0,#금강제화#쇼핑#수도권
금강제화 영등포본점,영등포구,4.0,#쇼핑
프리스비(Frisbee) 홍대점,마포구,4.0,#쇼핑
금강제화 명동본점,중구,4.0,#쇼핑
스토리지북앤필름,용산구,4.0,#남녀노소#독립출판물전문서점#독서여행#동네책방#소설책#쇼핑#스토리지북앤필름
국제갤러리,종로구,5.0,#국제갤러리#나들이#데이트코스#문화시설#미술관#수도권#실내여행지
국립현대미술관(덕수궁관),중구,5.0,#국립현대미술관#덕수궁관#데이트코스#문화시설#미술관#수도권#실내여행지
국립중앙박물관,용산구,5.0,#국립중앙박물관#나들이#문화시설#미세먼지_피하는_실내여행#박물관
국립국악원,서초구,5.0,#가족여행#공연장#국립국악원#데이트코스#문화시설#수도권#실내여행지
청와대사랑채,종로구,5.0,#가족여행#교과서속여행#기념관#도심여행#문화시설#사계절#실내여행지
대한민국역사박물관,종로구,5.0,#교과서속여행#대한민국역사박물관#문화시설#미세먼지_피하는_실내여행
국립고궁박물관,종로구,5.0,#교과서속여행#국립고궁박물관#나들이#문화시설#박물관#실내여행지
김대중도서관,마포구,5.0,#교과서속여행#김대중도서관#도서관#도심여행#독서여행#문화시설
브이센터 (브이센터 더라이브뮤지엄),강동구,5.0,#가족과함께#기념품판매#문화시설#문화콘텐츠산업#브이센터#수도권
도산안창호기념관,강남구,5.0,#교과서속여행#도산안창호기념관#문화시설#박물관#수도권#실내여행지
금천구립금나래도서관,금천구,5.0,#금천구립금나래도서관#도서관#문화시설#사계절#실내여행지#아이와함께
서대문형무소역사관,서대문구,5.0,#3·1운동_100주년_여행지추천#가족과함께#교과서속여행#문화시설
백범김구기념관,용산구,5.0,#3·1운동_100주년_여행지추천#기념관#나들이#도심여행#드라이브여행
전쟁기념관,용산구,5.0,#가족여행#교과서속여행#도심여행#문화시설#미세먼지_피하는_실내여행
안중근의사기념관,중구,5.0,#3·1운동_100주년_여행지추천#기념관#단체관람#무료관람#문화시설
중랑구립정보도서관,중랑구,5.0,#데이트코스#도서관#문화시설#수도권#실내여행지#아이와함께#연인과함께
삼성미술관 리움,용산구,5.0,#가족여행#단체관람#당일치기여행#문화시설#미세먼지_피하는_실내여행
우표박물관 (구.우표문화누리),중구,5.0,#가족과함께#겨울방학가볼만한곳#남녀노소#문화시설#미세먼지_피하는_실내여행
국립어린이과학관,종로구,5.0,#과학관#국립어린이과학관#나들이#문화시설#수도권#실내여행지#아이와함께
청계천박물관,성동구,5.0,#걷기여행#도심여행#문화시설#박물관#실내여행지#아이와함께#청계천박물관
성균관대학교 박물관,종로구,5.0,#무료관람#문화시설#박물관#성균관대학교박물관#수도권#실내여행지
서울대학교 치의학박물관,종로구,5.0,#교과서속여행#문화시설#박물관#서울대학교치의학박물관#수도권#실내여행지
코엑스 아쿠아리움,강남구,5.0,#데이트코스#문화시설#미세먼지_피하는_실내여행#실내관광지#실내여행지
서울대학교 박물관,관악구,5.0,#무료관람#문화시설#박물관#서울대학교박물관#수도권#실내여행지
매헌 윤봉길의사 기념관,서초구,5.0,#교과서속여행#기념관#매헌윤봉길의사기념관#문화시설#미세먼지_피하는_실내여행
63아트,영등포구,5.0,#63아트#경치좋은곳#문화공간#문화시설#문화예술#미술관#미술작품
조선일보미술관,중구,5.0,#나들이#데이트코스#드라이브여행#문화시설#미술관#수도권#실내여행지
경희대학교 중앙박물관,동대문구,5.0,#경희대학교박물관#무료관람#문화시설#박물관#수도권#실내여행지
동산방화랑,종로구,5.0,#나들이#데이트코스#동산방화랑#문화시설#미술관#수도권#실내여행지
세종문화회관,종로구,5.0,#가족여행#공연장#나들이#데이트코스#문화시설#세종문화회관#수도권
성균관대학교 박물관,종로구,5.0,#무료관람#문화시설#박물관#성균관대학교박물관#수도권#실내여행지
서울대학교 치의학박물관,종로구,5.0,#교과서속여행#문화시설#박물관#서울대학교치의학박물관#수도권#실내여행지
코엑스 아쿠아리움,강남구,5.0,#데이트코스#문화시설#미세먼지_피하는_실내여행#실내관광지#실내여행지
서울대학교 박물관,관악구,5.0,#무료관람#문화시설#박물관#서울대학교박물관#수도권#실내여행지
매헌 윤봉길의사 기념관,서초구,5.0,#교과서속여행#기념관#매헌윤봉길의사기념관#문화시설#미세먼지_피하는_실내여행
63아트,영등포구,5.0,#63아트#경치좋은곳#문화공간#문화시설#문화예술#미술관#미술작품
조선일보미술관,중구,5.0,#나들이#데이트코스#드라이브여행#문화시설#미술관#수도권#실내여행지
경희대학교 중앙박물관,동대문구,5.0,#경희대학교박물관#무료관람#문화시설#박물관#수도권#실내여행지
동산방화랑,종로구,5.0,#나들이#데이트코스#동산방화랑#문화시설#미술관#수도권#실내여행지
세종문화회관,종로구,5.0,#가족여행#공연장#나들이#데이트코스#문화시설#세종문화회관#수도권
성신여자대학교박물관,성북구,5.0,#무료관람#문화시설#박물관#성신여자대학교박물관#수도권#실내여행지
고려대학교박물관,성북구,5.0,#고려대학교박물관#무료관람#문화시설#박물관#수도권#실내여행지
가나아트센터,종로구,5.0,#가나아트갤러리#가나아트센터#데이트코스#드라이브여행#문화시설
갤러리미,강남구,5.0,#갤러리미#나들이#데이트코스#문화시설#미술관#수도권#실내여행지
아트리움,영등포구,5.0,#도심여행#문화시설#문화행사#사계절#상설공연#실내여행지#아트리움
두산아트센터,종로구,5.0,#가족여행#공연장#나들이#데이트코스#두산아트센터#문화시설#수도권
세종대왕기념관,동대문구,5.0,#기념관#문화시설#세종대왕기념관#수도권#실내여행지#아이와함께
유니버설아트센터,광진구,5.0,#가족여행#공연장#관광지#나들이#데이트코스#문화시설#수도권#실내여행지
서울시립대학교박물관,동대문구,5.0,#무료관람#문화시설#박물관#서울시립대학교박물관#수도권#실내여행지
숙명여자대학교 박물관,용산구,5.0,#문화시설#박물관#수도권#숙명여자대학교박물관#실내여행지#아이와함께
세계골프역사박물관,강남구,5.0,#나홀로여행#문화시설#뮤지엄&미술관#사계절#세계골프역사박물관
다이나믹 메이즈 (서울 인사동점),종로구,5.0,#관광지#다이나믹메이즈#도심여행#레포츠체험#복합문화공간#수도권
한국종합무역센터(코엑스),강남구,5.0,#가족여행#데이트코스#도심여행#먹거리#문화시설#복합문화공간#수도권
VRZONE CINEMA(브이알존 시네마),강남구,5.0,#관광지#데이트장소추천#브이알존#서울데이트#실내관광지#실내놀이터
브이알존 큐브 강남점,서초구,5.0,#VR체험#관광지#남녀노소#실내데이트#실내레포츠#실내여행지#아이가_좋아하는_여행
VRZONE 용산 아이파크몰점,용산구,5.0,#VR체험#관광지#데이트장소추천#실내데이트#실내여행지#아이가_좋아하는_여행
이리자 한복전시관,종로구,5.0,#교과서속으로#문화시설#수도권#실내여행지#아이와함께#예술#이리자한복전시관
롯데월드타워 서울스카이,송파구,5.0,#가족여행#경치좋은곳#관광지#롯데월드타워서울스카이#사계절#서울데이트장소
실로암사우나찜질방,중구,5.0,#관광지#도심여행#목욕탕#사우나#실내여행지#실로암사우나찜질방
밀알미술관,강남구,5.0,#남녀노소#데이트코스#도심여행#무더위_피해_실내여행#문화시설#미술관
롯데월드 아쿠아리움,송파구,5.0,#가족과함께#롯데월드#롯데월드아쿠아리움#문화시설#미세먼지_피하는_실내여행
종이나라박물관,중구,5.0,#나들이#단체관람#도심여행#문화시설#박물관#실내여행지#아이와함께
주한독일문화원,용산구,5.0,#교과서속여행#문화시설#문화행사#사계절#수도권#실내여행지#아이와함께
주한이탈리아문화원,용산구,5.0,#교과서속여행#도서관#문화시설#문화행사#사계절#수도권#실내여행지
홍대난타전용관,마포구,5.0,#가족여행#관광지#도심여행#문화시설#문화행사#사계절#수도권#실내여행지
예술의전당,서초구,5.0,#가족여행#공연장#관광지#나들이#데이트코스#문화시설#수도권#실내여행지
MoA 서울대학교미술관,관악구,5.0,#가족여행#관광지#문화시설#미술관#서울대학교미술관#수도권#실내여행지
호림박물관,관악구,5.0,#관광지#나들이#문화시설#박물관#수도권#실내여행지#아이와함께
이화여자대학교박물관,서대문구,5.0,#관광지#무료관람#문화시설#박물관#사계절#수도권#실내여행지#아이와함께
서울특별시교육청 과학전시관 (남산분관),중구,5.0,#관광지#교과서속여행#문화시설#사계절#서울특별시과학전시관남산분관
동국대학교 박물관,중구,5.0,#관광지#교과서속여행#동국대학교박물관#문화시설#박물관#수도권
한국천주교순교자박물관,마포구,5.0,#관광지#나홀로여행#문화시설#박물관#수도권#실내여행지#이색체험
갤러리 라메르,종로구,5.0,#갤러리라메르#관광지#나홀로여행#데이트코스#도심여행#문화시설
서울대학교 규장각,관악구,5.0,#관광지#문화시설#서울대학교규장각#수도권#실내여행지#아이와함께
서울특별시교육청 과학전시관,관악구,5.0,#관광지#교과서속여행#문화시설#사계절#서울특별시과학전시관#수도권
박을복자수박물관,강북구,5.0,#관광지#교과서속여행#문화시설#박물관#박을복자수박물관#수도권
경희대학교 자연사박물관,동대문구,5.0,#경희대학교자연사박물관#관광지#교과서속여행#문화시설#박물관#수도권
덕성여자대학교박물관,도봉구,5.0,#관광지#교과서속여행#덕성여자대학교박물관#문화시설#박물관#수도권
자생식물학습장,종로구,5.0,#가족여행#고궁#관광지#교과서속여행#꽃여행#사계절#수도권#실내여행지
세라믹 팔레스 홀,강남구,5.0,#가족여행#관광지#도심여행#문화시설#세라믹팔레스홀#실내여행지
갤러리 시몬,종로구,5.0,#갤러리시몬#관광지#데이트코스#문화시설#미술관#수도권#실내여행지
이스라엘문화원,서초구,5.0,#관광지#교과서속여행#문화시설#문화행사#사계절#수도권#실내여행지
주한 프랑스문화원,중구,5.0,#관광지#교과서속여행#도서관#문화시설#문화행사#사계절#수도권
상명대학교 박물관,종로구,5.0,#관광지#교과서속여행#문화시설#박물관#상명대학교박물관#수도권
동덕여자대학교 박물관,성북구,5.0,#관광지#교과서속여행#동덕여자대학교박물관#문화시설#박물관#사계절
롯데월드 가든스테이지,송파구,5.0,#공연장#관광지#나들이#놀이공원&테마파크#데이트코스#롯데월드가든스테이지
롯데월드 언더씨킹덤,은평구,5.0,#관광지#놀이기구#롯데월드언더씨킹덤#미세먼지_피하는_실내여행#실내관광지
롯데월드타워&롯데월드몰,송파구,5.0,#관광지#데이트코스#도심여행#롯데월드타워&롯데월드몰#문화행사
보라매안전체험관,동작구,5.0,#가족여행#관광지#미세먼지_피하는_실내여행#박물관#보라매안전체험관
축구전시관,종로구,5.0,#관광지#문화시설#박물관#사계절#수도권#실내여행지#아이와함께
성곡미술관,종로구,5.0,#관광지#도심여행#문화시설#미술관#사계절#성곡미술관#실내여행지
상원미술관,종로구,5.0,#관광지#도심여행#문화시설#사계절#상원미술관#실내여행지#아이와함께
시간을 담다,중구,5.0,#관광지#그림그리기체험#데이트장소추천#문화공간#미세먼지_피하는_실내여행
남산골한옥마을,중구,6.0,#가족여행#관광지#남녀노소#남산골한옥마을#도심여행#수도권#아이와함께
서해금빛열차,용산구,6.0,#관광지#기차여행#꽃여행#서해금빛열차#이색열차#이색체험#전라권
강남,강남구,6.0,#가족과함께#강남#강남관광정보센터#강남구#강남맛집#강남스타일
서울 동대문 닭한마리 골목,종로구,6.0,#관광지#동대문닭한마리골목#동대문닭한마리골목#수도권#숨은맛집
쌈지길,종로구,6.0,#관광지#남녀노소#데이트장소추천#복합문화공간#쇼핑#쇼핑거리#수도권
부암동,종로구,6.0,#걷기여행#관광지#데이트코스#도심여행#부암동#브런치카페#사계절
국제선센터,양천구,6.0,#가족여행#가족체험여행#관광지#국제선센터#사계절#연인과함께#외국어해설
남산서울타워 한복문화체험관,용산구,6.0,#관광지#데이트장소추천#미세먼지_피하는_실내여행#사진여행#사진찍기좋은곳
"서울교통공사 (신정,수서,천왕)",성동구,6.0,#가족과함께#관광지#교육여행#교육프로그램#도심여행#서울교통공사
고덕동 생태경관 보전지역,강동구,6.0,#고덕동생태경관보전지역#관광지#생태체험#수도권#자연#체험
키자니아 서울,송파구,6.0,##미세먼지_피하는_실내여행#관광지#도심여행#실내여행지#아이가_열광하는_여행
청와대 앞길,종로구,6.0,#가족여행#관광지#나홀로여행#당일치기여행#도심여행#사계절#산책길
양천구 어린이교통공원,양천구,6.0,#겨울방학가볼만한곳#관광지#교육여행#도심여행#산책길#산책하기
서울풍물시장 전통문화체험관,동대문구,6.0,#관광지#도심여행#서울풍물시장#서울풍물시장전통문화체험관#아이와함께
대학로,종로구,6.0,#가족여행#관광지#나홀로여행#당일치기여행#대학로#데이트코스#도심여행
챔피언1250,용산구,6.0,#관광지#놀이공간#미세먼지_피하는_실내여행#복합레저스포츠#수도권
신사동 가로수길,강남구,6.0,#가로수길#관광지#사진촬영#산책길#산책하기#산책하기좋은곳#서울여행
서래마을,서초구,6.0,#관광지#남녀노소#도심여행#문화#산책하기#산책하기좋은곳#서래마을
육군사관학교,노원구,6.0,#가족과함께#관광지#교육여행#교육프로그램#군인정신#남녀노소#수도권
청담패션거리,강남구,6.0,#관광지#남녀노소#문화예술#복합문화공간#쇼핑#수도권#연인과함께
압구정 로데오거리,강남구,6.0,#가족과함께#강남구#강남시티투어#관광지#산책하기좋은곳#쇼핑거리
오미요리연구소,동대문구,6.0,#관광지#체험
서촌마을,종로구,6.0,#걷기길#관광지#데이트장소추천#산책길#산책하기#산책하기좋은곳
아띠인력거,종로구,6.0,#관광지#서울가볼만한곳#서울놀기#서울여행코스#서울핫플#연인과함께
다이나믹 메이즈 (서울 인사동점),종로구,6.0,#관광지#다이나믹메이즈#도심여행#레포츠체험#복합문화공간#수도권
자양동 양꼬치거리 (중국음식문화거리),광진구,6.0,#관광지#꼬치구이#양고기#양꼬치#음식문화#음식문화#음식문화거리
대림동 차이나타운,영등포구,6.0,#관광지#맛집골목#맛집여행#맛집투어#먹자골목#수타짜장면#유명중국집
레일크루즈 해랑열차,용산구,6.0,#관광지#기차여행#부모님과함께#전국여행#체험#추억여행#친구와함께
놀이똥산,종로구,6.0,#가족과함께#관광지#남녀노소#미세먼지_피하는_실내여행#사진찍기
홍대 벽화거리,마포구,6.0,#관광지#사진찍기좋은곳#사진촬영#사진촬영명소#서울데이트장소#연인과함께
연남동 공방거리,마포구,6.0,#골목문화공간#공방거리#공예#관광지#산책길#산책하기#산책하기좋은곳
상수동 카페거리,마포구,6.0,#관광지#데이트#분위기좋은카페#서울카페#연인과함께#이색카페#체험
로렌스길,마포구,6.0,#골목길#골목문화공간#골목식당#골목여행#관광지#데이트장소추천
광흥당,마포구,6.0,#관광지#광흥당#국악#국악공연#수강#수도권#아이와함께#이색체험
경의선책거리,마포구,6.0,#경의선#경의선책거리#관광지#복합문화#복합문화공간#복합시설#산책하기
삼청동길,종로구,6.0,#관광지#데이트장소추천#도심여행#산책길#산책하기#산책하기좋은곳
피노파밀리아,노원구,6.0,#관광지#도심여행#문화공간#복합문화공간#아이와함께#연인과함께
삼해소주가,종로구,6.0,#관광지#남녀노소#삼해소주가#서울무형문화재#수도권#우리술#이색체험
VRZONE CINEMA(브이알존 시네마),강남구,6.0,#관광지#데이트장소추천#브이알존#서울데이트#실내관광지#실내놀이터
브이알존 큐브 강남점,서초구,6.0,#VR체험#관광지#남녀노소#실내데이트#실내레포츠#실내여행지#아이가_좋아하는_여행
VRZONE 용산 아이파크몰점,용산구,6.0,#VR체험#관광지#데이트장소추천#실내데이트#실내여행지#아이가_좋아하는_여행
연세로,서대문구,6.0,#관광지#맛집탐방#쇼핑거리#숨은맛집#연세대학교#연인과함께#우수쇼핑
답십리 고미술상가,동대문구,6.0,#가족과함께#고미술#고미술품#골동품#관광지#기념물판매#남녀노소
낙원동 아구찜 거리,종로구,6.0,#관광지#낙원아구찜#남녀노소#맛집탐방#먹자골목#서울맛집투어#소주한잔
신당동 떡볶이 골목,중구,6.0,#골목분식#골목시장#관광지#떡볶이맛집#맛집#맛집탐방#숨은맛집
장충동 족발 골목,중구,6.0,#골목시장#관광지#남녀노소#먹자골목#서울맛집투어#술안주#숨은맛집
영등포 신길동 홍어거리,영등포구,6.0,#관광지#남녀노소#맛집거리#서울맛집#숨은맛집#영등포가볼만한곳
서울 종로 낙지볶음 골목,종로구,6.0,#가족과함께#골목길#골목여행#관광지#낙지거리#낙지전문점#맛집골목
서울 삼각지 대구탕 골목,용산구,6.0,#가족과함께#관광지#남녀노소#대구탕#먹방여행#먹방투어#먹자골목
응암동 감자국 거리,은평구,6.0,#가족과함께#감자탕#관광지#남녀노소#먹자골목#서울맛집투어#숨은맛집
남대문 갈치조림골목,중구,6.0,#갈치#갈치구이#갈치조림#갈치조림골목#골목시장#관광지#남대문
공덕동 족발 골목,마포구,6.0,#가족과함께#골목길여행#골목여행#관광지#돼지고기#먹자골목#숨은맛집
아현동 전골목,마포구,6.0,#가족과함께#골목시장#관광지#김치전#맛집탐방#먹자골목#숨은맛집
키즈오토파크,광진구,6.0,#관광지#교육여행#교육체험#아이가_좋아하는_여행#아이와함께#이색체험
한국전통주연구소,종로구,6.0,#관광지#남녀노소#서울여행#소주#양조#이색체험#전통주#전통주교육기관
평화열차 DMZ 트레인,용산구,6.0,#DMZ여행#가족여행#가족체험여행#관광지#서울근교여행#아이와함께
강남 시티투어 - 트롤리버스,강남구,6.0,#강남시티투어#관광지#수도권#체험#친구와함께#트롤리버스
인사동,종로구,6.0,#관광지#도심여행#수도권#시티투어#인사동#주말추천여행지#체험
G밸리 패션지원센터,금천구,6.0,#G밸리패션지원센터#관광지#산업관광#산업관광지#수도권#이색체험
신촌 플레이버스,서대문구,6.0,#관광지#도심여행#문화콘텐츠산업#문화행사#수도권#신촌플레이버스
덕수궁 돌담길,중구,6.0,#걷기길#걷기여행#걷기좋은곳#고궁#관광지#덕수궁돌담길#데이트장소추천
명동,중구,6.0,#15_16한국관광100선#17_18한국관광100선#19_20한국관광100선#관광지
재활용창작품상설전시관,양천구,6.0,#관광지#문화시설#수도권#재활용#재활용관광지#재활용창작품상설전시관
한복남,종로구,6.0,#관광지#체험
이태원 앤틱 가구 거리,용산구,6.0,#가구점#가족과함께#골동품#관광지#목가구#연인과함께#이색거리
봉은사(서울),강남구,7.0,#가족여행#관광지#교과서속여행#당일치기여행#봉은사(서울)#사찰&산사
최순우 옛집,성북구,7.0,#관광지#근대한옥#기념관#아이와함께#역사#역사문화재#역사속#역사속으로
덕수궁,중구,7.0,#15_16한국관광100선#17_18한국관광100선#19_20한국관광100선#가족여행
창경궁,종로구,7.0,#15_16한국관광100선#17_18한국관광100선#19_20한국관광100선#가족여행
청와대사랑채,종로구,7.0,#가족여행#교과서속여행#기념관#도심여행#문화시설#사계절#실내여행지
김대중도서관,마포구,7.0,#교과서속여행#김대중도서관#도서관#도심여행#독서여행#문화시설
민영환 자결터,종로구,7.0,#관광지#교과서속여행#기념비#민영환자결터#수도권#역사#역사공부
도안사,노원구,7.0,#관광지#도안사#불교#불교문화#사찰#사찰여행#수도권#역사#자연좋은곳
구공업전습소본관,종로구,7.0,#관광지#교과서속여행#구공업전습소본관#문화재#사적지#수도권#역사
경운동민병옥가옥,종로구,7.0,#관광지#역사#역사공부#역사관광지#역사를품은곳#역사문화재#역사속
서울 운현궁,종로구,7.0,#관광지#수도권#아이와함께#역사#역사공부#역사관광지#역사를품은곳
경복궁,종로구,7.0,#15_16한국관광100선#17_18한국관광100선#19_20한국관광100선#가족여행
경희궁,종로구,7.0,#15_16한국관광100선#17_18한국관광100선#19_20한국관광100선#가족여행
서울 경교장,종로구,7.0,#건축물#건축사#건축여행#관광지#교과서속여행#근대건축#근대건축물
백인제가옥,종로구,7.0,#관광지#근대한옥#문화재#백인제가옥#수도권#역사#역사공부#역사관광지
"서울 구 벨기에영사관(현, 서울시립미술관 남서울생활미술관)",관악구,7.0,#관광지#복합문화공간#서울구벨기에영사관#서울시립미술관#수도권
덕수궁 대한문,중구,7.0,#19_20한국관광100선#가족여행#고궁#관광지#교과서속여행#덕수궁대한문
경희궁 흥화문,종로구,7.0,#19_20한국관광100선#가족여행#경희궁흥화문#고궁#관광지#교과서속여행
광화문,종로구,7.0,#19_20한국관광100선#가족여행#경복궁#관광지#광화문#광화문#광화문광장
창덕궁 인정문,종로구,7.0,#19_20한국관광100선#19_20한국관광100선#가족여행#고궁#관광지
정정공강사상묘역,관악구,7.0,#관광지#서울특별시유형문화재#수도권#역사#역사공부#역사관광지
약수사(서울),관악구,7.0,#관광지#불교#불교문화#사찰#사찰#사찰여행#수도권#약수사#역사
경희궁 숭정전,중구,7.0,#관광지#역사#역사공부#역사관광#역사관광지#역사를품은곳#역사문화재
정선옹주 묘역,구로구,7.0,#관광지#역사#역사공부#역사관광지#역사를품은곳#역사문화재#역사속
서울 호암산성(한우물 및 주변산성지),금천구,7.0,#관광지#사적#수도권#역사#역사공부#역사관광지#역사를품은곳#역사문화재
효민공 이경직 묘역,관악구,7.0,#관광지#서울특별시유형문화재#수도권#역사#역사공부#역사관광지
환구단,중구,7.0,#관광지#사적#수도권#역사#역사공부#역사관광지#역사를품은곳#역사문화재
서울 남현동 요지,관악구,7.0,#관광지#사적#서울남현동요지#수도권#역사#역사공부#역사를품은곳
관악산 낙성대공원,관악구,7.0,#가족여행#관광지#관악산낙성대공원#교과서속여행#당일치기여행#서울근교여행
달마사(서울),동작구,7.0,#관광지#불교#불교문화#사찰여행#역사#원불교#자연속으로#자연환경
용덕사(서울),강북구,7.0,#관광지#불교#불교문화#사찰#사찰여행#역사#자연속으로#자연환경
원통사(서울),도봉구,7.0,#관광지#불교#불교#불교문화#사찰여행#역사#원불교#자연속으로
능인선원,강남구,7.0,#관광지#능인선원#대한불고조계종#불교#불교문화#사찰#사찰여행
미타사(강서),강서구,7.0,#관광지#불교#불교문화#사찰#사찰여행#역사#자연속으로#자연환경
일선사(서울),종로구,7.0,#관광지#도심속#불교#불교문화#사찰여행#역사#자연환경#전통사찰
아차산봉수대터,중랑구,7.0,#관광지#역사#역사공부#역사관광지#역사를품은곳#역사문화재#역사속
국립서울현충원,동작구,7.0,#가족여행#관광지#교과서속여행#국립서울현충원#근대문화유산#당일치기여행
보신각 터,종로구,7.0,#가족여행#관광지#교과서속여행#당일치기여행#보신각터#서울근교여행
북촌 8경,종로구,7.0,#감성사진#경치좋은곳#관광지#근대한옥#데이트장소추천#북촌8경#사진찍기좋은곳
상허이태준가옥(수연산방),성북구,7.0,#관광지#문화재#상허이태준가옥#수도권#수연산방#역사#역사공부
서울 정동교회,중구,7.0,#관광지#교과서속여행#나홀로여행#도심여행#서울정동교회#역사#역사공부
보성사터,종로구,7.0,#관광지#교과서속여행#근린공원#보성사터#산책하기좋은곳#수도권
독립관,서대문구,7.0,#관광지#역사#역사공부#역사관광지#역사를품은곳#역사문화재#역사속
북촌한옥마을,종로구,7.0,#가족여행#관광지#나홀로여행#당일치기여행#데이트코스#도심여행
성락원(서울),성북구,7.0,#가족과함께#관광지#아이와함께#역사#역사공부#역사를품은곳#역사문화재
창덕궁과 후원 [유네스코 세계문화유산],종로구,7.0,#19_20한국관광100선#관광지#데이트코스#수도권#역사#역사공부
절두산 순교성지,마포구,7.0,#관광지#역사#역사공부#역사관광지#역사를품은곳#역사문화재#역사속
관음사(서울),관악구,7.0,#관광지#불교문화#사찰여행#역사#역사속으로#역사이야기#자연좋은곳
양천향교,강서구,7.0,#관광지#역사#역사공부#역사관광#역사관광지#역사를품은곳#역사문화
창의문(자하문),종로구,7.0,#가족여행#관광지#문화재#서울여행#역사#역사공부#역사관광지#역사를품은곳
망원정지,마포구,7.0,#관광지#기념물#망원정지#문화재#수도권#역사#역사공부#역사관광지
옥천암(서울),서대문구,7.0,#관광지#대한불교조계종#불교#사찰#사찰여행#역사#자연속으로#자연좋은곳
명성황후 조난지,종로구,7.0,#경복궁#관광지#명성황후#역사#역사공부#역사관광지#역사를품은곳
황학정,종로구,7.0,#관광지#궁술#서울여행#역사#역사공부#역사관광지#역사관광지#역사를품은곳
세검정 터 (구 세검정),종로구,7.0,#관광지#역사#역사공부#역사관광지#역사를품은곳#역사문화재#역사속
서울 우정총국,종로구,7.0,#관광지#역사#역사공부#역사관광지#역사를품은곳#역사문화재#역사속
낙선재,종로구,7.0,#가족여행#고궁#관광지#교과서속여행#낙선재#사계절#수도권#아이와함께
대원군별장,종로구,7.0,#관광지#대원군별장#석파정#수도권#역사#역사공부#역사관광지#역사를품은곳
탑골공원 팔각정,종로구,7.0,#관광지#서울특별시유형문화재#수도권#역사#역사공부#역사관광지
해풍부원군윤택영댁재실,중구,7.0,#관광지#역사#역사공부#역사관광지#역사를품은곳#역사문화재#역사속
극락사(서울),중랑구,7.0,#관광지#불교#불교문화#불교문화#서울사찰#역사#역사속으로#역사이야기
순명비유강원석물,광진구,7.0,#관광지#역사#역사공부#역사관광지#역사를품은곳#역사문화#역사문화재
소림사(서울),종로구,7.0,#관광지#불교#불교문화#사찰#사찰여행#역사#역사속으로#역사이야기
승동교회,종로구,7.0,#3.1운동#관광지#교회#국내건축물#기독교#승동교회#역사#역사공부
인왕사(서울),종로구,7.0,#관광지#불교#불교문화#사찰여행#서울사찰#수도권#역사#인왕사
길상사(서울),성북구,7.0,#관광지#길상사(서울)#불교#불교문화#사찰#사찰여행#산사#수도권
조계사(서울),종로구,7.0,#관광지#나홀로여행#불교#불교문화#사찰#산사#역사#역사유적지
서울 석촌동 고분군,송파구,7.0,#걷기길#관광지#교과서속여행#서울석촌동고분군#수도권#역사#역사공부
서울 정릉(신덕왕후) [유네스코 세계문화유산],성북구,7.0,#관광지#서울정릉#수도권#아이와함께#역사#역사공부#역사를품은곳
묘각사(서울),종로구,7.0,#관광지#불교#불교문화#사찰#사찰여행#역사#자연속으로#자연좋은곳
백련사(서울),서대문구,7.0,#관광지#불교#불교문화#불교사찰#사찰#사찰여행#역사#자연속으로
진관사(서울),은평구,7.0,#관광지#불교#불교문화#불교사찰#사찰#사찰여행#역사#자연속으로
삼천사(서울),은평구,7.0,#관광지#도심여행#불교#불교문화#불교사찰#사찰#사찰여행#서울삼천사
광희문,중구,7.0,#관광지#역사#역사공부#역사관광#역사관광지#역사문화#역사문화재
천간사,은평구,7.0,#관광지#불교#불교문화#사찰#사찰여행#수도권#역사#전통사찰#종교
의열사(용산),용산구,7.0,#관광지#역사#역사공부#역사관광지#역사를품은곳#역사문화재#역사속
호국무공수훈자공적비,성동구,7.0,#관광지#수도권#역사#역사공부#역사관광지#역사문화재#역사속#역사속으로
백마고지 3용사의 상,광진구,7.0,#관광지#백마고지3용사의상#수도권#역사#역사공부#역사관광지#역사를품은곳
3.1독립운동기념탑,중구,7.0,#3.1독립운동기념탑#3.1운동#3·1운동_100주년_여행지추천#관광지
해병대104고지전적비,서대문구,7.0,#관광지#기념탑#역사#역사공부#역사관광지#역사를품은곳#역사문화재
이탈리아의무부대 6.25전쟁 참전기념비,영등포구,7.0,#관광지#국가보훈처#기념비#역사#역사공부#역사관광지#역사를품은곳
일성이준열사동상,중구,7.0,#3·1운동_100주년_여행지추천#관광지#독립#독립운동#애국계몽#역사
한강방어백골부대전적비,영등포구,7.0,#관광지#국군#백골부대#역사#역사공부#역사관광지#역사를품은곳
한국유림독립운동파리장서비,중구,7.0,#관광지#독립운동#역사#역사공부#역사관광지#역사를품은곳#역사문화재
성재이시영선생동상,중구,7.0,#관광지#독립#동상#성재이시영동상#신흥무관학교#아이와함께#역사
고당조만식선생동상,광진구,7.0,#관광지#독립#독립운동#역사#역사공부#역사관광지#역사를품은곳
우남이승만박사 동상,강동구,7.0,#관광지#대통령#동상#수도권#역사#역사공부#역사관광지#역사를품은곳
송재서재필선생상,서대문구,7.0,#3·1운동_100주년_여행지추천#관광지#독립공원#독립신문#독립운동
윌리엄해밀턴쇼 동상,은평구,7.0,#공원#관광지#동상#아이와함께#역사#역사공부#역사관광지#역사를품은곳
서울학도병참전기념비,용산구,7.0,#관광지#애국심#애국정신#애국지사#역사#역사공부#역사관광지#역사를품은곳
건국대학교박물관,광진구,7.0,#건국대학교박물관#문화시설#박물관#역사#전통
관훈동 민씨 가옥 (구 부마도위박영효가옥),중구,7.0,#관광지#역사#역사공부#역사관광지#역사를품은곳#역사문화재#역사속
보광사(서울),용산구,7.0,#관광지#불교#불교문화#사찰#사찰여행#역사#역사속#역사여행#역사이야기
서빙고동 부군당,용산구,7.0,#관광지#역사#역사공부#역사관광지#역사를품은곳#역사문화재#역사속
성덕사,중랑구,7.0,#관광지#불교#불교문화#사찰#사찰여행#역사#자연속으로#자연환경
불국사,강남구,7.0,#관광지#불교#불교문화#불국사#사찰#사찰여행#수도권#역사#역사속
삼청동오위장김춘영가옥,중구,7.0,#관광지#역사#역사공부#역사관광지#역사를품은곳#역사문화재#역사속
순정효황후윤씨친가,중구,7.0,#관광지#역사#역사공부#역사관광지#역사를품은곳#역사문화재#역사속
서울 약현성당,중구,7.0,#관광지#교과서속여행#근대문화유산#도심여행#서울약현성당#역사
중명전,중구,7.0,#가족여행#관광지#교과서속여행#근대문화유산#도심여행#상설전시
아차산성,광진구,7.0,#가족여행#관광지#교과서속여행#당일치기여행#등산#등산로#서울근교여행
독립문,서대문구,7.0,#관광지#교과서속여행#독립문#수도권#역사#역사공부#역사를품은곳
서울 풍납동 토성,송파구,7.0,#가족여행#관광지#교과서속여행#당일치기여행#서울근교여행#서울풍납동토성
서울 선릉(성종과 정현왕후)과 정릉(중종) [유네스코 세계문화유산],강남구,7.0,#가족여행#관광지#교과서속여행#서울선릉과정릉#아이와함께#역사
서울 영휘원(순헌황귀비)과 숭인원(이진),동대문구,7.0,#가족여행#관광지#교과서속여행#사찰#산사#서울영휘원과숭인원#아이와함께
서울 암사동 유적,강동구,7.0,#가족여행#관광지#교과서속여행#당일치기여행#서울근교여행#서울암사동유적
서울 명동성당,중구,7.0,#관광지#교과서속여행#나홀로여행#도심여행#명동성당#아이와함께
새남터기념성당,용산구,7.0,#가족여행#관광지#근대문화유산#당일치기여행#새남터기념성당#서울근교여행
홍파동 홍난파 가옥,종로구,7.0,#건축사#건축여행#관광지#근대건축#근대문화유산#등록문화재#서양식
봉천동 마애미륵불좌상,관악구,7.0,#관광지#역사#역사공부#역사관광지#역사를품은곳#역사문화재#역사속
무악산 동봉수대 터,서대문구,7.0,#관광지#역사#역사공부#역사관광지#역사를품은곳#역사문화재#역사속
용산성당,용산구,7.0,#관광지#역사#역사공부#역사관광지#역사를품은곳#역사문화재#역사속
개운사(서울),성북구,7.0,#관광지#불교#불교문화#불교사찰#사찰#사찰여행#역사#자연속으로
서울 용산신학교와 원효로 예수성심성당,용산구,7.0,#관광지#역사#역사공부#역사관광지#역사를품은곳#역사문화재#역사속
당고개순교성지,용산구,7.0,#관광지#역사#역사공부#역사관광지#역사를품은곳#역사문화재#역사속
서울 양천고성지,강서구,7.0,#관광지#역사#역사공부#역사관광지#역사를품은곳#역사문화재#역사속
정몽주 동상,마포구,7.0,#고려#관광지#동상#마포구#아이와함께#양화대교#역사#역사공부
자운암(서울),관악구,7.0,#관광지#불교#불교문화#불교사찰#사찰#사찰여행#역사#자연속으로
서울 방이동 고분군,송파구,7.0,#관광지#사적#서울방이동고분군#수도권#역사#역사공부#역사관광지
충익공신경진묘역,중랑구,7.0,#관광지#역사#역사공부#역사관광지#역사를품은곳#역사문화재#역사속
화계사(서울),강북구,7.0,#관광지#불교#불교사찰#사찰#사찰여행#역사#자연속으로#자연좋은곳
승가사(서울),종로구,7.0,#관광지#불교#불교사찰#사찰#사찰여행#역사#자연속으로#자연좋은곳
흥천사,성북구,7.0,#관광지#불교#불교사찰#사찰#사찰여행#역사#자연속으로#자연좋은곳
도선사(서울),강북구,7.0,#관광지#불교#불교문화#불교사찰#사찰#사찰여행#역사#자연속으로
서울 문묘와 성균관,종로구,7.0,#관광지#성균관#역사#역사공부#역사관광#역사관광지#역사를품은곳
봉원사(서울),서대문구,7.0,#관광지#봉원사#불교#불교사찰#사찰#서울여행#역사#역사관광지
백련사(서울),강북구,7.0,#관광지#불교#불교문화#사찰#사찰여행#역사#자연속으로#자연환경
사자암(서울),동작구,7.0,#관광지#불교#불교문화#사찰#사찰여행#역사#자연속으로#자연환경
삼성암(서울),강북구,7.0,#관광지#불교#불교문화#사찰#사찰여행#역사#자연속으로#자연환경
서울 삼전도비,송파구,7.0,#관광지#역사#역사공부#역사관광지#역사를품은곳#역사문화재#역사속
반공 청년운동 순국 열사 기념비,중구,7.0,#관광지#반공청년운동순국열사기념비#수도권#역사#역사공부#역사관광지
상동교회,중구,7.0,#관광지#상동교회#수도권#아이와함께#역사#역사공부#역사를품은곳
우당 이회영 선생 흉상,중구,7.0,#관광지#수도권#아이와함께#역사#역사공부#역사를품은곳#역사속
천도교중앙대교당,종로구,7.0,#관광지#교과서속여행#나홀로여행#도심여행#역사#역사공부#역사관광지
목멱산봉수대터,중구,7.0,#관광지#역사#역사공부#역사관광지#역사를품은곳#역사문화재#역사속
서울 구 러시아공사관,중구,7.0,#관광지#근대문화유산#도심여행#서울구러시아공관#아이와함께#역사
충주 정토사지 홍법국사탑,용산구,7.0,#관광지#역사#역사공부#역사관광#역사관광지#역사를품은곳#역사문화재
서울 고려대학교 중앙도서관,성북구,7.0,#건축사#건축여행#고려대학교#관광지#국내건축물#근대건축#근대문화유산
서울 고려대학교 본관,성북구,7.0,#고려대학교#관광지#근대문화유산#서울고려대학교본관#역사#역사공부
서울 연세대학교 스팀슨관,서대문구,7.0,#관광지#근대문화유산#서울연세대학교스팀슨관#역사#역사공부#역사관광지
서울 연세대학교 언더우드관,서대문구,7.0,#관광지#근대문화유산#서울연세대학교언더우드관#역사#역사공부#역사관광지
서울 연세대학교 아펜젤러관,서대문구,7.0,#관광지#역사#역사공부#역사관광지#역사를품은곳#역사문화재#역사속
보문사(서울),성북구,7.0,#관광지#불교#불교문화#사찰#사찰여행#역사#자연속으로#자연환경
중앙고등학교,종로구,7.0,#관광지#문화재#사적지#서울중앙고등학교#수도권#역사#역사공부
경국사(서울),성북구,7.0,#가족여행#경국사#관광지#도심여행#불교#불교문화#사찰#사찰&산사
금선사(서울),종로구,7.0,#관광지#금선사신중도#불교#불교문화#사찰#사찰여행#서울금선사
감로암(서울),종로구,7.0,#관광지#역사
내원사(서울),성북구,7.0,#관광지#불교#불교문화#사찰#사찰여행#역사#자연속으로#자연환경
대각사,종로구,7.0,#관광지#불교#불교문화#사찰#사찰여행#역사#자연속으로#자연환경
대성사(서울),서초구,7.0,#가족여행#관광지#대성사(서울)#불교#불교문화#사찰#사찰&산사#사찰여행
만월암(서울),도봉구,7.0,#관광지#불교#불교문화#사찰#사찰여행#역사#자연속으로#자연환경
문수사(서울),종로구,7.0,#관광지#불교#불교문화#사찰#사찰여행#역사#자연속으로#자연환경
미타사(성북),성북구,7.0,#관광지#불교#불교문화#사찰#사찰여행#역사#자연속으로#자연환경
봉국사(서울),성북구,7.0,#관광지#불교#불교문화#사찰#사찰여행#역사#자연속으로#자연환경
미타사(성동),성동구,7.0,#관광지#불교#불교문화#사찰#사찰여행#역사#자연속으로#자연환경
신검사(서울),강북구,7.0,#관광지#불교#불교문화#사찰#사찰여행#역사#자연속으로#자연환경
보광사 보광선원(서울),강북구,7.0,#관광지#불교#불교문화#사찰#사찰여행#역사#자연속으로#자연환경
본원정사(서울),강북구,7.0,#관광지#불교#불교문화#사찰#사찰여행#역사#자연속으로#자연환경
만해한용운심우장,성북구,7.0,#가족과함께#관광지#아이와함께#역사#역사공부#역사관광지#역사를품은곳
용암사(서울),은평구,7.0,#관광지#불교#불교문화#사찰#사찰여행#역사#자연속으로#자연환경
안양암(서울),종로구,7.0,#관광지#불교#불교문화#사찰#사찰여행#역사#자연속으로#자연환경
약사사(서울),강서구,7.0,#관광지#불교#불교문화#사찰#사찰여행#역사#자연속으로#자연환경
연화사(서울),동대문구,7.0,#관광지#불교#불교문화#사찰#사찰여행#역사#자연속으로#자연환경
영화사(서울),광진구,7.0,#가족여행#관광지#불교#불교문화#사찰#사찰&산사#사찰여행#역사
용굴암(서울),노원구,7.0,#관광지#불교#불교문화#사찰#사찰여행#역사#자연속으로#자연환경
서울 몽촌토성,송파구,7.0,#관광지#교과서속여행#몽촌토성#박물관#수도권#아이와함께#역사
정법사(서울),성북구,7.0,#관광지#불교#불교문화#사찰#사찰여행#역사#자연속으로#자연환경
적조사(서울),성북구,7.0,#관광지#불교#불교문화#사찰#사찰여행#역사#자연속으로#자연환경
천축사(서울),도봉구,7.0,#관광지#도심속#불교#불교문화#사찰#사찰여행#수도권#역사#자연환경
청량사(서울),동대문구,7.0,#관광지#도심속#불교#불교문화#사찰#사찰여행#역사#전통사찰#종교
청룡사(서울),종로구,7.0,#관광지#도심속#불교#불교문화#사찰#사찰여행#수도권#역사#전통사찰
학도암(서울),노원구,7.0,#관광지#도심속#불교#불교문화#사찰#사찰여행#역사#전통사찰#종교
학림사(서울),노원구,7.0,#관광지#도심속#불교#불교문화#사찰#사찰여행#역사#전통사찰#종교
북악산 숙정문,성북구,7.0,#관광지#역사#역사공부#역사관광지#역사를품은곳#역사문화재#역사속
호국지장사(서울),동작구,7.0,#관광지#불교#불교문화#사찰#사찰여행#역사#자연속으로#자연환경
호압사(서울),금천구,7.0,#관광지#불교#불교문화#사찰#사찰여행#역사#자연속으로#자연환경
효사정,동작구,7.0,#관광지#역사#역사공부#역사관광지#역사를품은곳#역사문화재#역사속
창경궁 홍화문,종로구,7.0,#19_20한국관광100선#가족여행#고궁#관광지#교과서속여행#사계절
삼성산성지,관악구,7.0,#관광지#산책길#산책하기#산책하기좋은곳#역사#역사공부#역사속
전주이씨광평대군파묘역,강남구,7.0,#관광지#역사#역사공부#역사관광지#역사를품은곳#역사문화재#역사속
효령대군이보묘역,서초구,7.0,#관광지#역사#역사공부#역사관광지#역사를품은곳#역사문화재#역사속
정암사,노원구,7.0,#관광지#도심여행#불교#불교문화#사찰#사찰여행#산사#역사#자연좋은곳
송암사,노원구,7.0,#관광지#불교#불교문화#사찰#사찰여행#역사#자연좋은곳#자연환경
수암사,노원구,7.0,#관광지#불교#불교문화#사찰#사찰여행#역사#자연좋은곳#자연환경
종묘 [유네스코 세계문화유산],종로구,7.0,#가족여행#관광지#교과서속여행#당일치기여행#서울근교여행#아이와함께
수국사(서울),은평구,7.0,#가족여행#관광지#도심여행#불교#불교문화#사찰#사찰&산사#사찰여행
관문사(서울),서초구,7.0,#관광지#관문사#불교#불교문화#사찰#사찰여행#수도권#역사#전통사찰
국립4.19민주묘지,강북구,7.0,#가족여행#관광지#교과서속여행#국립4.19민주묘지#근대문화유산#당일치기여행
숭례문,중구,7.0,#관광지#교과서속여행#수도권#숭례문#아이와함께#역사#역사유적지
"서울 의릉(경종,선의왕후) [유네스코 세계문화유산]",성북구,7.0,#관광지#교과서속여행#도심여행#서울의릉#아이와함께#역사#역사공부
서울 태릉(문정왕후)과 강릉(인순왕후) [유네스코 세계문화유산],노원구,7.0,#가족여행#관광지#교과서속여행#서울태릉과강릉#아이와함께#역사
"서울 헌릉(태종,원경왕후)과 인릉(순조,순원왕후) [유네스코 세계문화유산]",서초구,7.0,#가족여행#관광지#교과서속여행#서울헌릉과인릉#아이와함께#역사
양화진외국인선교사묘원(외인묘지),마포구,7.0,#관광지#수도권#양화진외국인선교사묘원#역사#역사공부#역사관광지
여계묘역,구로구,7.0,#관광지#역사#역사공부#역사관광지#역사를품은곳#역사속#역사속으로
신선경과 류인호 묘역,송파구,7.0,#관광지#교과서속여행#신선경과류인호묘역#아이와함께#역사#역사공부
경성 부민관 폭탄 의거지,중구,7.0,#경성부민관폭탄의거지#관광지#수도권#역사#역사공부#역사관광지
마포전차종점 3·1운동 만세 시위지,마포구,7.0,#3·1운동_100주년_여행지추천#관광지#마포전차종점3·1운동만세시위지
맥아더 사령관 한강방어선 시찰지,영등포구,7.0,#관광지#맥아더사령관한강방어선시찰지#수도권#역사#역사공부#역사를품은곳
대한제국군 서울시가 전투지,중구,7.0,#관광지#대한제국군서울시가전투지#수도권#역사#역사공부#역사를품은곳
김익상 의거지,중구,7.0,#관광지#교과서속여행#김익상의거지#수도권#역사#역사공부#역사관광지
이재명 의거지,중구,7.0,#관광지#수도권#역사#역사공부#역사를품은곳#역사문화재#역사속
이충순 자결 터,중구,7.0,#관광지#수도권#역사#역사공부#역사를품은곳#역사속#역사속으로
정동교회 이필주 사택 터,중구,7.0,#관광지#수도권#역사#역사관광지#역사를품은곳#역사문화재#역사속
신석구 사택 터,중구,7.0,#관광지#수도권#신석구사택터#역사#역사관광지#역사를품은곳#역사문화재
구암서원 터(구암정),강동구,7.0,#관광지#구암서원터#구암정#수도권#역사#역사공부#역사를품은곳
도봉서원,도봉구,7.0,#관광지#교과서속여행#기념물#도봉서원#서원#수도권#역사#역사공부
홍지문 및 탕춘대성,종로구,7.0,#가족여행#관광지#문화재#서울여행#서울특별시유형문화재#역사#역사공부
흥인지문,종로구,7.0,#가족여행#관광지#교과서속여행#당일치기여행#서울근교여행#아이와함께
구 서울대학교 본관,종로구,7.0,#관광지#구서울대학교본관#근대문화유산#서울대학교#역사#역사공부
평강성서유물 박물관,구로구,7.0,#가족과함께#가족체험#관광지#문화시설#박물관#아이와함께#역사
나석주의사동상,중구,7.0,#3.1운동#3·1운동_100주년_여행지추천#관광지#나석주의사#독립운동
동십자각,종로구,7.0,#관광지#교과서속여행#동십자각#문화재#수도권#역사#역사공부#역사관광지
서울 관상감 관천대,종로구,7.0,#관광지#관상감관천대#문화재#수도권#역사#역사공부#역사관광지
서울 경모궁지,종로구,7.0,#경모궁지#고택#관광지#교과서속여행#문화재#수도권#역사#역사공부
서울 동관왕묘,종로구,7.0,#관광지#교과서속여행#동관왕묘#문화재#사당#수도권#역사#역사공부
율곡로,종로구,7.0,#가로수길#관광지#돌담길#산책코스#산책하기좋은곳#수도권#역사
서울 대한의원,종로구,7.0,#관광지#교과서속여행#문화재#서울대한의원#수도권#역사#역사공부
유심사,종로구,7.0,#관광지#교과서속여행#수도권#역사#역사공부#역사관광지#역사를품은곳
진관사계곡,은평구,8.0,#가족과함께#관광지#늦더위피서#아이와함께#여름피서지#자연#자연관광지
남산 케이블카,중구,8.0,#경치좋은곳#관광지#남산서울타워#남산케이블카#데이트코스#등산
관악산 생태공원,관악구,8.0,#관광지#관악산생태공원#데이트코스#도심여행#아이와함께#연인과함께
용마산,중랑구,8.0,#관광지#나홀로여행#등산#용마산#자연#자연&숲#친구와함께#트레킹
불암산,노원구,8.0,#가족여행#관광지#당일치기여행#등산#등산로#불암산#사계절#서울근교여행
수락산,노원구,8.0,#가족여행#관광지#당일치기여행#등산#등산로#사계절#서울근교여행
창덕궁 향나무,종로구,8.0,#관광지#수도권#자연#창덕궁#창덕궁향나무#천연기념물
창덕궁 다래나무,종로구,8.0,#관광지#수도권#자연#창덕궁#창덕궁다래나무#천연기념물
서울 신림동 굴참나무,관악구,8.0,#관광지#서울신림동굴참나무#수도권#자연#천연기념물
망우산(서울),중랑구,8.0,#관광지#등산#망우산#산책로#수도권#자연#트레킹
인왕산,종로구,8.0,#관광지#등산#수도권#인왕산#자연#트레킹
응봉산(서울),성동구,8.0,#관광지#자연
구룡산(서울),서초구,8.0,#관광지#구룡산#산#수도권#자연#트레킹
초안산,노원구,8.0,#관광지#자연
삼각산,강북구,8.0,#관광지#자연
봉화산(서울),중랑구,8.0,#관광지#자연
청계산,서초구,8.0,#관광지#자연
고덕동 생태경관 보전지역,강동구,8.0,#고덕동생태경관보전지역#관광지#생태체험#수도권#자연#체험
탄천,강남구,8.0,#관광지#자연
우이동계곡,강북구,8.0,#관광지#자연
양재 시민의숲,서초구,8.0,#걷기길#관광지#나들이#도심여행#산책길#산책하기#산책하기좋은곳
관악산공원 야외식물원,관악구,8.0,#관광지#관악산공원야외식물원#데이트코스#도심여행#아이와함께#연인과함께
홍릉수목원,동대문구,8.0,#가족여행#관광지#꽃여행#당일치기여행#데이트코스#봄꽃여행#서울근교여행
북악산,종로구,8.0,#관광지#자연
송파나루공원(석촌호수),송파구,8.0,#걷기길#관광지#산책길#산책하기#산책하기좋은곳#석촌호수#송파나루공원
북한산국립공원(서울),은평구,8.0,#관광지#북한산#북한산국립공원#생태#생태관광#생태관광지#서울권
아차산생태공원,광진구,8.0,#걷기길#관광지#생태관광#아차산생태공원#자연#자연&숲#트레킹
갈산근린공원,양천구,8.0,#갈산근린공원#걷기길#관광지#나들이#산책길#산책로#산책하기좋은곳
파리공원,양천구,8.0,#걷기길#관광지#나들이#문화시설#서울도심여행#아이와함께#연인과함께
백사실계곡,종로구,8.0,#가족여행#경치좋은곳#관광지#백사실계곡#서울여행#여름가볼만한곳
도봉산,도봉구,8.0,#가족여행#관광지#당일치기여행#도봉산#등산#등산로#사계절#서울근교여행
북한산국립공원(도봉 지구),강북구,8.0,#관광지#자연
일자산자연공원,강동구,8.0,#걷기길#관광지#수도권#연중무휴#일자산자연공원#자연#힐링
자생식물학습장,종로구,8.0,#가족여행#고궁#관광지#교과서속여행#꽃여행#사계절#수도권#실내여행지
헌인릉 생태경관보전지역(오리나무림),서초구,8.0,#관광지#나들이#당일치기여행#생태관광#수도권#오리나무림#자연
양재천 생태공원,서초구,8.0,#관광지#나들이#당일치기여행#도심여행#양재천생태공원#자연#자연&숲
여의도샛강생태공원,영등포구,8.0,#가족여행#걷기길#관광지#나들이#도심여행#생태관광#여의도샛강생태공원
길동생태공원,강동구,8.0,#가족체험여행#걷기길#관광지#길동생태공원#생태관광지#수도권#자연
서울창포원,도봉구,8.0,#걷기길#관광지#생태관광#서울창포원#아이와함께#이색체험#자연
강서습지생태공원,강서구,8.0,#가족여행#강서습지생태공원#걷기길#관광지#나들이#도심여행#생태관광
청계천 버들습지,동대문구,8.0,#관광지#나들이#당일치기여행#도심여행#숲#자연#자연좋은곳#청계천버들습지
남산 야외식물원,용산구,8.0,#가족여행#관광지#남산야외식물원#데이트코스#도심여행#사계절#수도권
여의천,서초구,8.0,#관광지#수도권#여의천#자연
전통염료식물원,용산구,8.0,#관광지#자연
암사생태공원,강동구,8.0,#관광지#자연
방이동 생태경관 보전지역,송파구,8.0,#관광지#방이동생태경관보전지역#생태#수도권#자연
한강,성동구,8.0,#관광지#자연
아차산,광진구,8.0,#관광지#등산#산#수도권#아차산#자연#전망좋은곳
반포 서래섬,서초구,8.0,#관광지#자연
관악산,관악구,8.0,#관광지#관악산#등산#수도권#자연#힐링
